package	candidate_version	request_state
abiword	3.0.6~dfsg-1	requested-selected
adduser	3.152	requested-selected
alacritty	0.15.1-3	requested-selected
apt	3.0.3	requested-selected
apt-listchanges	4.8	requested-selected
apt-transport-https	3.0.3	requested-selected
apt-utils	3.0.3	requested-selected
audacious	4.4.2-1	requested-selected
baobab	48.0-2+b1	requested-selected
base-files	13.8+deb13u6	requested-selected
base-passwd	3.6.7	requested-selected
bash	5.2.37-2+b9	requested-selected
bash-completion	1:2.16.0-7	requested-selected
bind9-dnsutils	1:9.20.26-1~deb13u1	requested-selected
bind9-host	1:9.20.26-1~deb13u1	requested-selected
binutils	2.44-3	requested-selected
bsdutils	1:2.41.5-0+deb13u1	requested-selected
btrfs-progs	6.14-1	requested-selected
build-essential	12.12	requested-selected
busybox	1:1.37.0-6+b8	requested-selected
bzip2	1.0.8-6	requested-selected
ca-certificates	20250419	requested-selected
calligra	1:25.04.2+dfsg-1	requested-selected
calligraplan	1:3.3.0-3	requested-selected
calligrasheets	1:25.04.2+dfsg-1	requested-selected
calligrastage	1:25.04.2+dfsg-1	requested-selected
calligrawords	1:25.04.2+dfsg-1	requested-selected
cargo	1.85.0+dfsg3-1	requested-selected
cifs-utils	2:7.4-1	requested-selected
clang	1:19.0-63	requested-selected
claws-mail	4.3.1-1	requested-selected
clementine	1.4.1+git27-g658f34ec4+dfsg-3	requested-selected
cmake	3.31.6-2	requested-selected
code	metadata-unavailable	unresolved-or-virtual
coinor-libcoinmp0	1.8.4+dfsg-2	requested-selected
colord	1.4.7-3	requested-selected
console-setup	1.242~deb13u1	requested-selected
coreutils	9.7-3	requested-selected
cpio	2.15+dfsg-2	requested-selected
cron	3.0pl1-197	requested-selected
cron-daemon-common	3.0pl1-197	requested-selected
cups	2.4.10-3+deb13u2	requested-selected
curl	8.14.1-2+deb13u4	requested-selected
dash	0.5.12-12	requested-selected
dbus	1.16.2-2	requested-selected
dbus-x11	1.16.2-2	requested-selected
dconf-gsettings-backend	0.40.0-5	requested-selected
debconf	1.5.91	requested-selected
debconf-i18n	1.5.91	requested-selected
debian-archive-keyring	2025.1	requested-selected
debian-faq	12.2	requested-selected
debianutils	5.23.2	requested-selected
dhcpcd-base	1:10.1.0-11+deb13u3	requested-selected
diffutils	1:3.10-4	requested-selected
dino-im	0.5.0-1	requested-selected
dmidecode	3.6-2	requested-selected
doc-debian	11.3+nmu1	requested-selected
dosfstools	4.2-1.2	requested-selected
dpkg	1.22.22	requested-selected
e2fsprogs	1.47.2-3+b11	requested-selected
enlightenment	0.27.1-1	requested-selected
ephoto	1.6.0-1+b1	requested-selected
exfatprogs	1.2.9-1+deb13u1	requested-selected
facter	4.10.0-1	requested-selected
fdisk	2.41.5-0+deb13u1	requested-selected
file	1:5.46-5	requested-selected
findutils	4.10.0-3	requested-selected
firefox-esr	140.13.0esr-1~deb13u1	requested-selected
firewall-config	2.3.1-1+deb13u1	requested-selected
fontconfig	2.15.0-2.3	requested-selected
fontconfig-config	2.15.0-2.3	requested-selected
fonts-dejavu-core	2.37-8	requested-selected
fonts-opensymbol	4:102.12+LibO25.2.3-2+deb13u6	requested-selected
gajim	2.1.1-2	requested-selected
galculator	2.1.4-2	requested-selected
gcc	4:14.2.0-1	requested-selected
gcc-14-base	14.2.0-19	requested-selected
geany	2.0-2	requested-selected
gettext-base	0.23.1-2	requested-selected
gimp	3.0.4-3+deb13u9	requested-selected
gir1.2-glib-2.0	2.84.4-3~deb13u3	requested-selected
gir1.2-gtk-3.0	3.24.49-3	requested-selected
gir1.2-peas-1.0	1.36.0-3+b4	requested-selected
git	1:2.47.3-0+deb13u1	requested-selected
gnome-control-center	1:48.4-1~deb13u1	requested-selected
gnome-disk-utility	46.1-2+b1	requested-selected
gnome-settings-daemon	48.1-1	requested-selected
gnumeric	1.12.57-1.1+b1	requested-selected
gparted	1.6.0-2	requested-selected
gpg	2.4.7-21+deb13u1+b4	requested-selected
grep	3.11-4	requested-selected
groff-base	1.23.0-9	requested-selected
grub-common	2.12-9+deb13u2	requested-selected
grub-pc	2.12-9+deb13u2	requested-selected
gufw	24.04.0-3	requested-selected
gzip	1.13-1	requested-selected
hexchat	2.16.2-1+b6	requested-selected
hostname	3.25	requested-selected
htop	3.4.1-5	requested-selected
ifupdown	0.8.44+deb13u1	requested-selected
imagemagick	8:7.1.1.43+dfsg1-1+deb13u11	requested-selected
inetutils-telnet	2:2.6-3+deb13u3	requested-selected
init	1.69~deb13u1	requested-selected
initramfs-tools	0.148.4	requested-selected
init-system-helpers	1.69~deb13u1	requested-selected
inkscape	1.4-6	requested-selected
installation-report	2.97	requested-selected
intel-microcode	metadata-unavailable	unresolved-or-virtual
iproute2	6.15.0-1	requested-selected
iputils-ping	3:20240905-3	requested-selected
iw	6.9-1	requested-selected
jq	1.7.1-6+deb13u3	requested-selected
keyboard-configuration	1.242~deb13u1	requested-selected
kio6	6.13.0-6	requested-selected
kitty	0.41.1-2+deb13u2	requested-selected
kmod	34.2-2	requested-selected
krb5-locales	1.21.3-5+deb13u1	requested-selected
l3afpad	0.8.18.1.11-4+b1	requested-selected
laptop-detect	0.16+nmu1	requested-selected
less	668-1	requested-selected
libabw-0.1-1	0.1.3-1+b2	requested-selected
libacl1	2.3.2-2+b1	requested-selected
libapparmor1	4.1.0-1	requested-selected
libapt-pkg7.0	3.0.3	requested-selected
libattr1	1:2.5.2-3	requested-selected
libaudit1	1:4.0.2-2+b2	requested-selected
libaudit-common	1:4.0.2-2	requested-selected
libblkid1	2.41.5-0+deb13u1	requested-selected
libbpf1	1:1.5.0-3	requested-selected
libbsd0	0.12.2-2	requested-selected
libbz2-1.0	1.0.8-6	requested-selected
libc6	2.41-12+deb13u3	requested-selected
libcap2	1:2.75-10+deb13u1+b1	requested-selected
libcap2-bin	1:2.75-10+deb13u1+b1	requested-selected
libcap-ng0	0.8.5-4+b1	requested-selected
libc-bin	2.41-12+deb13u3	requested-selected
libcdr-0.1-1	0.1.7-1+b3	requested-selected
libcom-err2	1.47.2-3+b11	requested-selected
libcrypt1	1:4.4.38-1	requested-selected
libdb5.3t64	5.3.28+dfsg2-9	requested-selected
libdebconfclient0	0.280	requested-selected
libe-book-0.1-1	0.1.3-2+b4	requested-selected
libedit2	3.1-20250104-1	requested-selected
libelf1t64	0.192-4	requested-selected
libepubgen-0.1-1	0.1.1-1+b2	requested-selected
libetonyek-0.1-1	0.1.12-1	requested-selected
libext2fs2t64	1.47.2-3+b11	requested-selected
libfdisk1	2.41.5-0+deb13u1	requested-selected
libgcc-s1	14.2.0-19	requested-selected
libgmp10	2:6.3.0+dfsg-3	requested-selected
libgssapi-krb5-2	1.21.3-5+deb13u1	requested-selected
libhogweed6t64	3.10.1-1	requested-selected
libidn2-0	2.3.8-2	requested-selected
libjansson4	2.14-2+b3	requested-selected
libk5crypto3	1.21.3-5+deb13u1	requested-selected
libkeyutils1	1.6.3-6	requested-selected
libkmod2	34.2-2	requested-selected
libkrb5-3	1.21.3-5+deb13u1	requested-selected
libkrb5support0	1.21.3-5+deb13u1	requested-selected
liblastlog2-2	2.41.5-0+deb13u1	requested-selected
liblocale-gettext-perl	1.07-7+b1	requested-selected
liblockfile-bin	1.17-2	requested-selected
liblz4-1	1.10.0-4	requested-selected
liblzma5	5.8.1-1+deb13u1	requested-selected
libmd0	1.1.0-2+b1	requested-selected
libmnl0	1.0.5-3	requested-selected
libmount1	2.41.5-0+deb13u1	requested-selected
libmwaw-0.3-3	0.3.22-1+b2	requested-selected
libncursesw6	6.5+20250216-2	requested-selected
libnettle8t64	3.10.1-1	requested-selected
libnewt0.52	0.52.25-1	requested-selected
libnftables1	1.1.3-1	requested-selected
libnftnl11	1.2.9-1	requested-selected
libnss-systemd	257.13-1~deb13u1	requested-selected
libnumbertext-data	1.0.11-4	requested-selected
libodfgen-0.1-1	0.1.8-2+b2	requested-selected
libpam0g	1.7.0-5	requested-selected
libpam-modules	1.7.0-5	requested-selected
libpam-modules-bin	1.7.0-5	requested-selected
libpam-runtime	1.7.0-5	requested-selected
libpam-systemd	257.13-1~deb13u1	requested-selected
libpcre2-8-0	10.46-1~deb13u1	requested-selected
libpolkit-agent-1-0	126-2	requested-selected
libpolkit-gobject-1-0	126-2	requested-selected
libpopt0	1.19+dfsg-2	requested-selected
libproc2-0	2:4.0.4-9	requested-selected
libquadmath0	14.2.0-19	requested-selected
libreadline8t64	8.2-6	requested-selected
libreoffice	4:25.2.3-2+deb13u6	requested-selected
libreoffice-base	4:25.2.3-2+deb13u6	requested-selected
libreoffice-calc	4:25.2.3-2+deb13u6	requested-selected
libreoffice-common	4:25.2.3-2+deb13u6	requested-selected
libreoffice-core	4:25.2.3-2+deb13u6	requested-selected
libreoffice-draw	4:25.2.3-2+deb13u6	requested-selected
libreoffice-impress	4:25.2.3-2+deb13u6	requested-selected
libreoffice-math	4:25.2.3-2+deb13u6	requested-selected
libreoffice-report-builder-bin	4:25.2.3-2+deb13u6	requested-selected
libreoffice-style-colibre	4:25.2.3-2+deb13u6	requested-selected
libreoffice-writer	4:25.2.3-2+deb13u6	requested-selected
librevenge-0.0-0	0.0.5-3+b2	requested-selected
libseccomp2	2.6.0-2	requested-selected
libselinux1	3.8.1-1	requested-selected
libsemanage2	3.8.1-1	requested-selected
libsemanage-common	3.8.1-1	requested-selected
libsepol2	3.8.1-1	requested-selected
libslang2	2.3.3-5+b2	requested-selected
libsmartcols1	2.41.5-0+deb13u1	requested-selected
libsqlite3-0	3.46.1-7+deb13u1	requested-selected
libss2	1.47.2-3+b11	requested-selected
libssl3t64	3.5.6-1~deb13u2	requested-selected
libstaroffice-0.0-0	0.0.7-1+b2	requested-selected
libstdc++6	14.2.0-19	requested-selected
libsystemd0	257.13-1~deb13u1	requested-selected
libsystemd-shared	257.13-1~deb13u1	requested-selected
libtext-charwidth-perl	0.04-11+b4	requested-selected
libtext-iconv-perl	1.7-8+b4	requested-selected
libtext-wrapi18n-perl	0.06-10	requested-selected
libtinfo6	6.5+20250216-2	requested-selected
libtirpc3t64	1.3.6+ds-1	requested-selected
libtirpc-common	1.3.6+ds-1	requested-selected
libudev1	257.13-1~deb13u1	requested-selected
libunistring5	1.3-2	requested-selected
libuno-cppu3t64	4:25.2.3-2+deb13u6	requested-selected
libuno-cppuhelpergcc3-3t64	4:25.2.3-2+deb13u6	requested-selected
libuno-purpenvhelpergcc3-3t64	4:25.2.3-2+deb13u6	requested-selected
libuno-sal3t64	4:25.2.3-2+deb13u6	requested-selected
libuno-salhelpergcc3-3t64	4:25.2.3-2+deb13u6	requested-selected
libunwind8	1.8.1-0.1	requested-selected
libuuid1	2.41.5-0+deb13u1	requested-selected
libwpd-0.10-10	0.10.3-2+b2	requested-selected
libwpg-0.3-3	0.3.4-3+b2	requested-selected
libwps-0.4-4	0.4.14-2+b2	requested-selected
libxtables12	1.8.11-2	requested-selected
libxxhash0	0.8.3-2	requested-selected
libzstd1	1.5.7+dfsg-1	requested-selected
lightdm	1.32.0-6+b2	requested-selected
lightdm-gtk-greeter	2.0.9-1	requested-selected
linux-image-amd64	6.12.101-1	requested-selected
linux-sysctl-defaults	4.12.1	requested-selected
locales	2.41-12+deb13u3	requested-selected
login	1:4.16.0-2+really2.41.5-0+deb13u1	requested-selected
login.defs	1:4.17.4-2	requested-selected
logrotate	3.22.0-1	requested-selected
logsave	1.47.2-3+b11	requested-selected
lsof	4.99.4+dfsg-2	requested-selected
lvm2	2.03.31-2	requested-selected
make	4.4.1-2	requested-selected
man-db	2.13.1-1	requested-selected
manpages	6.9.1-1	requested-selected
mate-control-center	1.26.1-1.1+b4	requested-selected
mate-desktop-environment-core	1.26.0+2	requested-selected
mate-terminal	1.26.1-1+b1	requested-selected
mawk	1.3.4.20250131-1	requested-selected
media-types	13.0.0	requested-selected
meson	1.7.0-1	requested-selected
micro	2.0.14-1+b6	requested-selected
mount	2.41.5-0+deb13u1	requested-selected
mpv	0.40.0-3+deb13u1	requested-selected
nano	8.4-1+deb13u1	requested-selected
ncurses-base	6.5+20250216-2	requested-selected
ncurses-bin	6.5+20250216-2	requested-selected
ncurses-term	6.5+20250216-2	requested-selected
netbase	6.5	requested-selected
netcat-traditional	1.10-50	requested-selected
net-tools	2.10-1.3	requested-selected
network-manager	1.52.1-1	requested-selected
nfs-common	1:2.8.3-1	requested-selected
nftables	1.1.3-1	requested-selected
nginx	1.26.3-3+deb13u7	requested-selected
ninja-build	1.12.1-1	requested-selected
openssh-client	1:10.0p1-7+deb13u4	requested-selected
openssh-server	1:10.0p1-7+deb13u4	requested-selected
openssl-provider-legacy	3.5.6-1~deb13u2	requested-selected
os-prober	1.83	requested-selected
parted	3.6-5	requested-selected
passwd	1:4.17.4-2	requested-selected
pavucontrol	6.1-1	requested-selected
pciutils	1:3.13.0-2	requested-selected
pcmanfm	1.4.0-1	requested-selected
perl	5.40.1-6	requested-selected
perl-base	5.40.1-6	requested-selected
pipewire	1.4.2-1	requested-selected
pkexec	126-2	requested-selected
pkg-config	1.8.1-4	requested-selected
pluma	1.26.1-2.1	requested-selected
polkitd	126-2	requested-selected
procps	2:4.0.4-9	requested-selected
python3	3.13.5-1	requested-selected
python3-pip	25.1.1+dfsg-1	requested-selected
python3-uno	4:25.2.3-2+deb13u6	requested-selected
qemu-guest-agent	1:10.0.11+ds-0+deb13u1	requested-selected
readline-common	8.2-6	requested-selected
reportbug	13.2.0	requested-selected
rfkill	2.41.5-0+deb13u1	requested-selected
ripgrep	14.1.1-1+b4	requested-selected
rsync	3.4.1+ds1-5+deb13u4	requested-selected
rustc	1.85.0+dfsg3-1	requested-selected
samba	2:4.22.10+dfsg-0+deb13u2	requested-selected
sed	4.9-2+deb13u1	requested-selected
sensible-utils	0.0.25	requested-selected
sqv	1.3.0-3+b2	requested-selected
strace	6.13+ds-1	requested-selected
strawberry	1.2.10-2	requested-selected
sudo	1.9.16p2-3+deb13u2	requested-selected
system-config-printer	1.5.18-4	requested-selected
systemd	257.13-1~deb13u1	requested-selected
systemd-sysv	257.13-1~deb13u1	requested-selected
systemd-timesyncd	257.13-1~deb13u1	requested-selected
sysvinit-utils	3.14-4	requested-selected
tar	1.35+dfsg-3.1	requested-selected
task-english	3.81	requested-selected
tasksel	3.81	requested-selected
task-ssh-server	3.81	requested-selected
terminology	1.14.0-1	requested-selected
thunar	4.20.2-1+deb13u1	requested-selected
traceroute	1:2.1.6-1	requested-selected
tzdata	2026b-0+deb13u1	requested-selected
ucf	3.0052	requested-selected
udev	257.13-1~deb13u1	requested-selected
uno-libs-private	4:25.2.3-2+deb13u6	requested-selected
ure	4:25.2.3-2+deb13u6	requested-selected
usbutils	1:018-2	requested-selected
util-linux	2.41.5-0+deb13u1	requested-selected
util-linux-extra	2.41.5-0+deb13u1	requested-selected
vim-common	2:9.1.1230-2	requested-selected
vim-gtk3	2:9.1.1230-2	requested-selected
vim-tiny	2:9.1.1230-2	requested-selected
vlc	3.0.23-0+deb13u1	requested-selected
wamerican	2020.12.07-4	requested-selected
weechat	4.6.3-1	requested-selected
wget	1.25.0-2	requested-selected
whiptail	0.52.25-1	requested-selected
wireplumber	0.5.8-2	requested-selected
wpasupplicant	2:2.10-24	requested-selected
wtmpdb	0.73.0-3+deb13u1	requested-selected
xfce4-terminal	1.1.4-1	requested-selected
xfsprogs	6.13.0-2+b1	requested-selected
xinit	1.4.2-1	requested-selected
xorg	1:7.7+24+deb13u1	requested-selected
xz-utils	5.8.1-1+deb13u1	requested-selected
zathura	0.5.11-1	requested-selected
zathura-pdf-poppler	0.3.3-1	requested-selected
zlib1g	1:1.3.dfsg+really1.3.1-1+b1	requested-selected
zstd	1.5.7+dfsg-1	requested-selected
