package	candidate_version	selection_state
accountsservice	23.13.9-7	selected
acl	2.3.2-2+b1	selected
adduser	3.152	selected
alacritty	0.15.1-3	selected
apt-listchanges	4.8	selected
apt-transport-https	3.0.3	selected
apt-utils	3.0.3	selected
at-spi2-core	2.56.2-1+deb13u1	selected
audacious	4.4.2-1	selected
audacious-plugins	4.4.2-2+b1	selected
audacious-plugins-data	4.4.2-2	selected
baobab	48.0-2+b1	selected
bash-completion	1:2.16.0-7	selected
bc	1.07.1-4	selected
bind9-dnsutils	1:9.20.26-1~deb13u1	selected
bind9-host	1:9.20.26-1~deb13u1	selected
bind9-libs	1:9.20.26-1~deb13u1	selected
bsdextrautils	2.41.5-0+deb13u1	selected
bsdutils	1:2.41.5-0+deb13u1	selected
btrfs-progs	6.14-1	selected
bubblewrap	0.11.0-2+deb13u1	selected
build-essential	12.12	selected
busybox	1:1.37.0-6+b8	selected
caja	1.26.4-1	selected
caja-common	1.26.4-1	selected
calligra	1:25.04.2+dfsg-1	selected
calligra-data	1:25.04.2+dfsg-1	selected
calligra-libs	1:25.04.2+dfsg-1	selected
calligraplan	1:3.3.0-3	selected
calligrasheets	1:25.04.2+dfsg-1	selected
calligrasheets-data	1:25.04.2+dfsg-1	selected
calligrastage	1:25.04.2+dfsg-1	selected
calligrastage-data	1:25.04.2+dfsg-1	selected
calligrawords	1:25.04.2+dfsg-1	selected
calligrawords-data	1:25.04.2+dfsg-1	selected
cargo	1.85.0+dfsg3-1	selected
cifs-utils	2:7.4-1	selected
clang	1:19.0-63	selected
clang-19	1:19.1.7-3+b1	selected
claws-mail	4.3.1-1	selected
clementine	1.4.1+git27-g658f34ec4+dfsg-3	selected
cmake	3.31.6-2	selected
cmake-data	3.31.6-2	selected
coinor-libcbc3.1	2.10.12+ds-1	selected
coinor-libcgl1	0.60.9+ds-1	selected
coinor-libclp1	1.17.10+ds-1	selected
coinor-libcoinmp0	1.8.4+dfsg-2	selected
coinor-libcoinutils3v5	2.11.11+ds-5	selected
coinor-libosi1v5	0.108.10+ds-2	selected
colord	1.4.7-3	selected
colord-data	1.4.7-3	selected
console-setup	1.242~deb13u1	selected
console-setup-linux	1.242~deb13u1	selected
cpio	2.15+dfsg-2	selected
cpp	4:14.2.0-1	selected
cpp-14	14.2.0-19	selected
cpp-14-x86-64-linux-gnu	14.2.0-19	selected
cpp-x86-64-linux-gnu	4:14.2.0-1	selected
cron	3.0pl1-197	selected
cron-daemon-common	3.0pl1-197	selected
cups	2.4.10-3+deb13u2	selected
cups-client	2.4.10-3+deb13u2	selected
cups-common	2.4.10-3+deb13u2	selected
cups-core-drivers	2.4.10-3+deb13u2	selected
cups-daemon	2.4.10-3+deb13u2	selected
cups-filters	1.28.17-6+deb13u1	selected
cups-filters-core-drivers	1.28.17-6+deb13u1	selected
cups-ipp-utils	2.4.10-3+deb13u2	selected
cups-ppdc	2.4.10-3+deb13u2	selected
cups-server-common	2.4.10-3+deb13u2	selected
curl	8.14.1-2+deb13u4	selected
dbus-x11	1.16.2-2	selected
debconf-i18n	1.5.91	selected
debian-faq	12.2	selected
debian-mate-default-settings	1.26.1-2	selected
desktop-base	13.0.4	selected
desktop-file-utils	0.28-1	selected
dhcpcd-base	1:10.1.0-11+deb13u3	selected
dino-im	0.5.0-1	selected
dino-im-common	0.5.0-1	selected
distro-info-data	0.66+deb13u2	selected
dmeventd	2:1.02.205-2	selected
dmidecode	3.6-2	selected
dmsetup	2:1.02.205-2	selected
doc-debian	11.3+nmu1	selected
dosfstools	4.2-1.2	selected
dracut-install	106-6	selected
e2fsprogs	1.47.2-3+b11	selected
enlightenment	0.27.1-1	selected
enlightenment-data	0.27.1-1	selected
ephoto	1.6.0-1+b1	selected
exfatprogs	1.2.9-1+deb13u1	selected
exo-utils	4.20.0-1	selected
facter	4.10.0-1	selected
fdisk	2.41.5-0+deb13u1	selected
firefox-esr	140.13.0esr-1~deb13u1	selected
firewall-config	2.3.1-1+deb13u1	selected
firewalld	2.3.1-1+deb13u1	selected
fonts-cantarell	0.303.1-4	selected
fonts-dejavu-core	2.37-8	selected
fonts-dejavu-mono	2.37-8	selected
fonts-opensymbol	4:102.12+LibO25.2.3-2+deb13u6	selected
fonts-quicksand	0.2016-2.1	selected
g++	4:14.2.0-1	selected
g++-14	14.2.0-19	selected
g++-14-x86-64-linux-gnu	14.2.0-19	selected
g++-x86-64-linux-gnu	4:14.2.0-1	selected
gajim	2.1.1-2	selected
galculator	2.1.4-2	selected
gcc	4:14.2.0-1	selected
gcc-14	14.2.0-19	selected
gcc-14-x86-64-linux-gnu	14.2.0-19	selected
gcc-x86-64-linux-gnu	4:14.2.0-1	selected
geany	2.0-2	selected
geany-common	2.0-2	selected
geocode-glib-common	3.26.4-1	selected
gettext-base	0.23.1-2	selected
ghostscript	10.05.1~dfsg-1+deb13u1	selected
gimp	3.0.4-3+deb13u9	selected
gimp-data	3.0.4-3+deb13u9	selected
gir1.2-atk-1.0	2.56.2-1+deb13u1	selected
gir1.2-babl-0.1	1:0.1.114-2	selected
gir1.2-freedesktop	1.84.0-1	selected
gir1.2-gdkpixbuf-2.0	2.42.12+dfsg-4+deb13u1	selected
gir1.2-gegl-0.4	1:0.4.62-2+deb13u2	selected
gir1.2-gimp-3.0	3.0.4-3+deb13u9	selected
gir1.2-girepository-2.0	1.84.0-1	selected
gir1.2-glib-2.0	2.84.4-3~deb13u3	selected
gir1.2-graphene-1.0	1.10.8-5	selected
gir1.2-gst-plugins-base-1.0	1.26.2-1+deb13u1	selected
gir1.2-gstreamer-1.0	1.26.2-2	selected
gir1.2-gtk-3.0	3.24.49-3	selected
gir1.2-gtk-4.0	4.18.6+ds-2	selected
gir1.2-gtksource-4	4.8.4-6	selected
gir1.2-gtksource-5	5.16.0-1	selected
gir1.2-handy-1	1.8.3-2	selected
gir1.2-harfbuzz-0.0	10.2.0-1+deb13u1	selected
gir1.2-javascriptcoregtk-4.1	2.52.5-1~deb13u1	selected
gir1.2-matemenu-2.0	1.26.1-1+b2	selected
gir1.2-nm-1.0	1.52.1-1	selected
gir1.2-notify-0.7	0.8.6-1	selected
gir1.2-packagekitglib-1.0	1.3.1-1+deb13u1	selected
gir1.2-pango-1.0	1.56.3-1	selected
gir1.2-peas-1.0	1.36.0-3+b4	selected
gir1.2-pluma-1.0	1.26.1-2.1	selected
gir1.2-polkit-1.0	126-2	selected
gir1.2-soup-3.0	3.6.5-3	selected
gir1.2-webkit2-4.1	2.52.5-1~deb13u1	selected
git	1:2.47.3-0+deb13u1	selected
git-man	1:2.47.3-0+deb13u1	selected
gnome-control-center	1:48.4-1~deb13u1	selected
gnome-control-center-data	1:48.4-1~deb13u1	selected
gnome-desktop3-data	44.3-3	selected
gnome-disk-utility	46.1-2+b1	selected
gnome-online-accounts	3.54.5-1~deb13u1	selected
gnome-settings-daemon	48.1-1	selected
gnome-settings-daemon-common	48.1-1	selected
gparted	1.6.0-2	selected
gparted-common	1.6.0-2	selected
gpg	2.4.7-21+deb13u1+b4	selected
gpgconf	2.4.7-21+deb13u1+b4	selected
graphviz	2.42.4-3	selected
groff-base	1.23.0-9	selected
grub-common	2.12-9+deb13u2	selected
grub-pc	2.12-9+deb13u2	selected
grub-pc-bin	2.12-9+deb13u2	selected
grub2-common	2.12-9+deb13u2	selected
gstreamer1.0-plugins-base	1.26.2-1+deb13u1	selected
gstreamer1.0-plugins-good	1.26.2-1+deb13u2	selected
gstreamer1.0-plugins-ugly	1.26.3-4+deb13u1	selected
gtk2-engines	1:2.20.2-8	selected
gtk2-engines-murrine	0.98.2-4+b1	selected
gtk2-engines-pixbuf	2.24.33-7	selected
gufw	24.04.0-3	selected
gvfs	1.57.2-2+deb13u1	selected
gvfs-backends	1.57.2-2+deb13u1	selected
gvfs-common	1.57.2-2+deb13u1	selected
gvfs-daemons	1.57.2-2+deb13u1	selected
gvfs-libs	1.57.2-2+deb13u1	selected
heif-gdk-pixbuf	1.19.8-1+deb13u1	selected
heif-thumbnailer	1.19.8-1+deb13u1	selected
hexchat	2.16.2-1+b6	selected
hexchat-common	2.16.2-1	selected
htop	3.4.1-5	selected
ifupdown	0.8.44+deb13u1	selected
imagemagick	8:7.1.1.43+dfsg1-1+deb13u11	selected
imagemagick-7-common	8:7.1.1.43+dfsg1-1+deb13u11	selected
imagemagick-7.q16	8:7.1.1.43+dfsg1-1+deb13u11	selected
inetutils-telnet	2:2.6-3+deb13u3	selected
init	1.69~deb13u1	selected
initramfs-tools	0.148.4	selected
initramfs-tools-bin	0.148.4	selected
initramfs-tools-core	0.148.4	selected
inkscape	1.4-6	selected
installation-report	2.97	selected
iproute2	6.15.0-1	selected
iptables	1.8.11-2	selected
iputils-ping	3:20240905-3	selected
iso-codes	4.18.0-1	selected
iw	6.9-1	selected
karbon	1:25.04.2+dfsg-1	selected
kbd	2.7.1-2	selected
kded5	5.116.0-1	selected
kded6	6.13.0-1	selected
keyboard-configuration	1.242~deb13u1	selected
keyutils	1.6.3-6	selected
kglobalacceld	6.3.6-1	selected
kio	5.116.0-1	selected
kio6	6.13.0-6	selected
kitty	0.41.1-2+deb13u2	selected
kitty-shell-integration	0.41.1-2+deb13u2	selected
kitty-terminfo	0.41.1-2+deb13u2	selected
klibc-utils	2.0.14-1	selected
kmod	34.2-2	selected
krb5-locales	1.21.3-5+deb13u1	selected
kwallet6	6.13.0-1	selected
l3afpad	0.8.18.1.11-4+b1	selected
laptop-detect	0.16+nmu1	selected
less	668-1	selected
lib2geom1.4.0	1.4-4	selected
liba52-0.7.4	0.7.4-20+b3	selected
libaa1	1.4p5-51.1+b1	selected
libabw-0.1-1	0.1.3-1+b2	selected
libaccountsservice0	23.13.9-7	selected
libadwaita-1-0	1.7.6-1~deb13u1	selected
libaio1t64	0.3.113-8+b1	selected
libamd3	1:7.10.1+dfsg-1	selected
libann0	1.1.2+doc-9+b1	selected
libaom3	3.12.1-1+deb13u1	selected
libappstream-glib8	0.8.3-1	selected
libappstream5	1.0.5-1	selected
libarchive13t64	3.7.4-4+deb13u1	selected
libargon2-1	0~20190702+dfsg-4+b2	selected
libaribb24-0t64	1.0.3-2.1+b2	selected
libasan8	14.2.0-19	selected
libasound2-data	1.2.14-1	selected
libasound2t64	1.2.14-1	selected
libass9	1:0.17.3-1+deb13u1	selected
libassuan9	3.0.2-2	selected
libasyncns0	0.8-6+b5	selected
libatasmart4	0.19-5+b2	selected
libatkmm-1.6-1v5	2.28.4-1+b2	selected
libaudcore5t64	4.4.2-1	selected
libaudgui6	4.4.2-1	selected
libaudqt3	4.4.2-1	selected
libaudtag3t64	4.4.2-1	selected
libavahi-glib1	0.8-16	selected
libavc1394-0	0.5.4-5+b2	selected
libavcodec61	7:7.1.5-0+deb13u1	selected
libavdevice61	7:7.1.5-0+deb13u1	selected
libavfilter10	7:7.1.5-0+deb13u1	selected
libavformat61	7:7.1.5-0+deb13u1	selected
libavif16	1.2.1-1.2	selected
libavutil59	7:7.1.5-0+deb13u1	selected
libayatana-ido3-0.4-0	0.10.4-1	selected
libayatana-indicator3-7	0.9.4-1+b1	selected
libb2-1	0.98.1-1.1+b2	selected
libbabl-0.1-0	1:0.1.114-2	selected
libblas3	3.12.1-6	selected
libblkid1	2.41.5-0+deb13u1	selected
libblockdev-crypto3	3.3.0-2.1	selected
libblockdev-fs3	3.3.0-2.1	selected
libblockdev-loop3	3.3.0-2.1	selected
libblockdev-mdraid3	3.3.0-2.1	selected
libblockdev-nvme3	3.3.0-2.1	selected
libblockdev-part3	3.3.0-2.1	selected
libblockdev-swap3	3.3.0-2.1	selected
libblockdev-utils3	3.3.0-2.1	selected
libblockdev3	3.3.0-2.1	selected
libbluetooth3	5.82-1.1	selected
libbluray2	1:1.3.4-1+b2	selected
libboost-filesystem1.83.0	1.83.0-4.2	selected
libboost-iostreams1.83.0	1.83.0-4.2	selected
libboost-locale1.83.0	1.83.0-4.2	selected
libboost-thread1.83.0	1.83.0-4.2	selected
libbox2d2	2.4.1-3+b3	selected
libbpf1	1:1.5.0-3	selected
libbs2b0	3.1.0+dfsg-8+b1	selected
libbytesize-common	2.11-2	selected
libbytesize1	2.11-2	selected
libc-dev-bin	2.41-12+deb13u3	selected
libc-l10n	2.41-12+deb13u3	selected
libc6-dev	2.41-12+deb13u3	selected
libcaca0	0.99.beta20-5+deb13u1	selected
libcairo-script-interpreter2	1.18.4-1+b1	selected
libcairomm-1.0-1v5	1.14.5-2+b1	selected
libcairomm-1.16-1	1.18.0-2	selected
libcaja-extension1	1.26.4-1	selected
libcamd3	1:7.10.1+dfsg-1	selected
libcanberra-gtk3-0	0.30-18	selected
libcanberra0	0.30-18	selected
libcap2-bin	1:2.75-10+deb13u1+b1	selected
libcbor0.10	0.10.2-2	selected
libcc1-0	14.2.0-19	selected
libccolamd3	1:7.10.1+dfsg-1	selected
libcddb2	1.3.2-7.1	selected
libcdio-cdda2t64	10.2+2.0.2-1+b1	selected
libcdio-paranoia2t64	10.2+2.0.2-1+b1	selected
libcdio19t64	2.2.0-4.1~deb13u1	selected
libcdparanoia0	3.10.2+debian-14+b1	selected
libcdr-0.1-1	0.1.7-1+b3	selected
libcdt5	2.42.4-3	selected
libcfitsio10t64	4.6.2-2	selected
libcgraph6	2.42.4-3	selected
libcholmod5	1:7.10.1+dfsg-1	selected
libchromaprint1	1.5.1-7	selected
libcjson1	1.7.18-3.1+deb13u1	selected
libclang-common-19-dev	1:19.1.7-3+b1	selected
libclang-cpp19	1:19.1.7-3+b1	selected
libclang1-19	1:19.1.7-3+b1	selected
libclucene-contribs1t64	2.3.3.4+dfsg-1.2+b1	selected
libclucene-core1t64	2.3.3.4+dfsg-1.2+b1	selected
libcmis-0.6-6t64	0.6.2-2.1+b1	selected
libcodec2-1.2	1.2.0-3	selected
libcolamd3	1:7.10.1+dfsg-1	selected
libcolord-gtk4-1t64	0.3.1-1+b1	selected
libcolorhug2	1.4.7-3	selected
libcompfaceg1	1:1.5.2-6.1	selected
libconfig++11	1.7.3-2	selected
libcrack2	2.9.6-5.2+b1	selected
libcrypt-dev	1:4.4.38-1	selected
libcryptsetup12	2:2.7.5-2	selected
libcue2	2.2.1-4.1+b2	selected
libcupsfilters1t64	1.28.17-6+deb13u1	selected
libdbus-glib-1-2	0.114-1	selected
libdbusmenu-qt5-2	0.9.3+16.04.20160218-3+b1	selected
libdc1394-25	2.2.6-5	selected
libde265-0	1.0.15-1+deb13u1	selected
libdecor-0-0	0.2.2-2	selected
libdevmapper-event1.02.1	2:1.02.205-2	selected
libdevmapper1.02.1	2:1.02.205-2	selected
libdisplay-info2	0.2.0-2	selected
libdouble-conversion3	3.3.1-1	selected
libdrm-amdgpu1	2.4.124-2	selected
libdrm-common	2.4.124-2	selected
libdrm-intel1	2.4.124-2	selected
libdrm-nouveau2	2.4.124-2	selected
libdrm-radeon1	2.4.124-2	selected
libdrm2	2.4.124-2	selected
libdv4t64	1.0.0-17.1+b1	selected
libdvbpsi10	1.3.3-1+b2	selected
libdvdnav4	6.1.1-3+b1	selected
libdvdread8t64	6.1.3-2	selected
libe-book-0.1-1	0.1.3-2+b4	selected
libebml5	1.4.5-1+b1	selected
libebur128-1	1.2.6-1+b2	selected
libecore-audio1	1.28.1-1	selected
libecore-bin	1.28.1-1	selected
libecore-con1t64	1.28.1-1	selected
libecore-drm2-1	1.28.1-1	selected
libecore-evas1	1.28.1-1	selected
libecore-fb1	1.28.1-1	selected
libecore-file1	1.28.1-1	selected
libecore-imf1	1.28.1-1	selected
libecore-input1	1.28.1-1	selected
libecore-ipc1	1.28.1-1	selected
libecore-wl2-1	1.28.1-1	selected
libecore-x1	1.28.1-1	selected
libecore1	1.28.1-1	selected
libector1	1.28.1-1	selected
libedit2	3.1-20250104-1	selected
libedje-bin	1.28.1-1	selected
libedje1	1.28.1-1	selected
libeet1	1.28.1-1	selected
libeeze1	1.28.1-1	selected
libefiboot1t64	38-3.1+b1	selected
libefivar1t64	38-3.1+b1	selected
libefreet-bin	1.28.1-1	selected
libefreet1a	1.28.1-1	selected
libegl-mesa0	25.0.7-2+deb13u1	selected
libegl1	1.7.0-1+b2	selected
libeina1t64	1.28.1-1	selected
libeio1	1.28.1-1	selected
libelementary-data	1.28.1-1	selected
libelementary1	1.28.1-1	selected
libelf1t64	0.192-4	selected
libelput1	1.28.1-1	selected
libembryo-bin	1.28.1-1	selected
libembryo1	1.28.1-1	selected
libemile1	1.28.1-1	selected
libemotion1	1.28.1-1	selected
libeot0	0.01-5+b2	selected
libepubgen-0.1-1	0.1.1-1+b2	selected
liberror-perl	0.17030-1	selected
libethumb-client-bin	1.28.1-1	selected
libethumb-client1	1.28.1-1	selected
libethumb1	1.28.1-1	selected
libetonyek-0.1-1	0.1.12-1	selected
libetpan20t64	1.9.4-6	selected
libevas1	1.28.1-1	selected
libevas1-engines-drm	1.28.1-1	selected
libevas1-engines-wayland	1.28.1-1	selected
libevas1-engines-x	1.28.1-1	selected
libevdev2	1.13.4+dfsg-1	selected
libevent-2.1-7t64	2.1.12-stable-10+b1	selected
libevent-core-2.1-7t64	2.1.12-stable-10+b1	selected
libexempi8	2.6.6-2	selected
libexif12	0.6.25-1+deb13u1	selected
libexiv2-28	0.28.5+dfsg-1	selected
libexiv2-data	0.28.5+dfsg-1	selected
libexo-2-0	4.20.0-1	selected
libexo-common	4.20.0-1	selected
libext2fs2t64	1.47.2-3+b11	selected
libexttextcat-2.0-0	3.4.7-1+b1	selected
libexttextcat-data	3.4.7-1	selected
libfaad2	2.11.2-1	selected
libfdisk1	2.41.5-0+deb13u1	selected
libffado2	2.4.9-2	selected
libfftw3-double3	3.3.10-2+b1	selected
libfftw3-single3	3.3.10-2+b1	selected
libfido2-1	1.15.0-1+b1	selected
libflac14	1.5.0+ds-2	selected
libflite1	2.2-7	selected
libfluidsynth3	2.4.4+dfsg-1+deb13u2	selected
libfm-data	1.4.0-2	selected
libfm-extra4t64	1.4.0-2	selected
libfm-gtk-data	1.4.0-2	selected
libfm-gtk3-4t64	1.4.0-2	selected
libfm4t64	1.4.0-2	selected
libfontembed1t64	1.28.17-6+deb13u1	selected
libfreeaptx0	0.2.2-1	selected
libfreehand-0.1-1	0.1.2-3	selected
libfstrm0	0.6.1-1+b3	selected
libfuse3-4	3.17.2-3	selected
libgail-3-0t64	3.24.49-3	selected
libgav1-1	0.19.0-3+b1	selected
libgbm1	25.0.7-2+deb13u1	selected
libgc1	1:8.2.8-1	selected
libgcc-14-dev	14.2.0-19	selected
libgck-2-2	4.4.0.1-3	selected
libgcr-4-4	4.4.0.1-3	selected
libgd3	2.3.3-14~deb13u1	selected
libgdata-common	0.18.1-9	selected
libgdata22	0.18.1-9	selected
libgee-0.8-2	0.20.8-1	selected
libgegl-0.4-0t64	1:0.4.62-2+deb13u2	selected
libgegl-common	1:0.4.62-2+deb13u2	selected
libgeoclue-2-0	2.7.2-2	selected
libgeocode-glib-2-0	3.26.4-1	selected
libgexiv2-2	0.14.3-1+b1	selected
libgfortran5	14.2.0-19	selected
libgif7	5.2.2-1+deb13u1	selected
libgimp-3.0-0	3.0.4-3+deb13u9	selected
libgirara-gtk3-4	0.4.5-1	selected
libgirepository-1.0-1	1.84.0-1	selected
libgit2-1.9	1.9.0+ds-2	selected
libgl1	1.7.0-1+b2	selected
libgl1-mesa-dri	25.0.7-2+deb13u1	selected
libgles2	1.7.0-1+b2	selected
libglib2.0-bin	2.84.4-3~deb13u3	selected
libglib2.0-data	2.84.4-3~deb13u3	selected
libglibmm-2.4-1t64	2.66.8-1	selected
libglibmm-2.68-1t64	2.84.0-1	selected
libglu1-mesa	9.0.2-1.1+b3	selected
libglvnd0	1.7.0-1+b2	selected
libglx-mesa0	25.0.7-2+deb13u1	selected
libglx0	1.7.0-1+b2	selected
libgme0	0.6.3-7+b2	selected
libgnome-bg-4-2t64	44.3-3	selected
libgnome-bluetooth-ui-3.0-13	47.1-1	selected
libgnome-desktop-3-20t64	44.3-3	selected
libgnome-desktop-4-2t64	44.3-3	selected
libgnome-rr-4-2t64	44.3-3	selected
libgoa-1.0-0b	3.54.5-1~deb13u1	selected
libgoa-1.0-common	3.54.5-1~deb13u1	selected
libgoa-backend-1.0-2	3.54.5-1~deb13u1	selected
libgomp1	14.2.0-19	selected
libgpgme11t64	1.24.2-3	selected
libgpgmepp6t64	1.24.2-3	selected
libgphoto2-6t64	2.5.31-4	selected
libgphoto2-port12t64	2.5.31-4	selected
libgpm2	1.20.7-11+b2	selected
libgpod4t64	0.8.3-22+b1	selected
libgraphene-1.0-0	1.10.8-5	selected
libgs-common	10.05.1~dfsg-1+deb13u1	selected
libgs10	10.05.1~dfsg-1+deb13u1	selected
libgs10-common	10.05.1~dfsg-1+deb13u1	selected
libgsl28	2.8+dfsg-5	selected
libgslcblas0	2.8+dfsg-5	selected
libgsm1	1.0.22-1+b2	selected
libgsound0t64	1.0.3-3.2+b4	selected
libgspell-1-3	1.14.0-2+b1	selected
libgspell-1-common	1.14.0-2	selected
libgssdp-1.6-0	1.6.4-1~deb13u1	selected
libgstreamer-gl1.0-0	1.26.2-1+deb13u1	selected
libgstreamer-plugins-base1.0-0	1.26.2-1+deb13u1	selected
libgstreamer1.0-0	1.26.2-2	selected
libgtk-4-1	4.18.6+ds-2	selected
libgtk-4-common	4.18.6+ds-2	selected
libgtk-4-media-gstreamer	4.18.6+ds-2	selected
libgtk-layer-shell0	0.9.0-2	selected
libgtk2.0-0t64	2.24.33-7	selected
libgtk2.0-common	2.24.33-7	selected
libgtkmm-3.0-1t64	3.24.10-1	selected
libgtkmm-4.0-0	4.18.0-1	selected
libgtksourceview-4-0	4.8.4-6	selected
libgtksourceview-4-common	4.8.4-6	selected
libgtksourceview-5-0	5.16.0-1	selected
libgtksourceview-5-common	5.16.0-1	selected
libgtop-2.0-11	2.41.3-1+b2	selected
libgtop2-common	2.41.3-1	selected
libgts-0.7-5t64	0.7.6+darcs121130-5.2+b1	selected
libgudev-1.0-0	238-6	selected
libgupnp-1.6-0	1.6.8-2	selected
libgupnp-igd-1.6-0	1.6.0-4+b1	selected
libgusb2	0.4.9-1+b1	selected
libgvc6	2.42.4-3	selected
libgvpr2	2.42.4-3	selected
libgweather-4-0t64	4.4.4-1	selected
libgweather-4-common	4.4.4-1	selected
libhandy-1-0	1.8.3-2	selected
libharfbuzz-gobject0	10.2.0-1+deb13u1	selected
libharfbuzz-icu0	10.2.0-1+deb13u1	selected
libharfbuzz-subset0	10.2.0-1+deb13u1	selected
libheif-plugin-dav1d	1.19.8-1+deb13u1	selected
libheif-plugin-libde265	1.19.8-1+deb13u1	selected
libheif1	1.19.8-1+deb13u1	selected
libhidapi-hidraw0	0.14.0-1+b2	selected
libhttp-parser2.9	2.9.4-6+b2	selected
libhwasan0	14.2.0-19	selected
libhwy1t64	1.2.0-2+b2	selected
libhyphen0	2.8.8-7+b2	selected
libibus-1.0-5	1.5.32-2	selected
libice6	2:1.1.1-1	selected
libidn12	1.43-1	selected
libiec61883-0	1.2.0-7	selected
libieee1284-3t64	0.2.11-14.1+b1	selected
libijs-0.35	0.35-15.2	selected
libimagequant0	2.18.0-1+b2	selected
libimath-3-1-29t64	3.1.12-1+b3	selected
libimobiledevice-1.0-6	1.3.0+git20250228-2	selected
libimobiledevice-glue-1.0-0	1.3.1-1	selected
libinih1	59-1	selected
libinireader0	59-1	selected
libinput-bin	1.28.1-1+deb13u1	selected
libinput10	1.28.1-1+deb13u1	selected
libinstpatch-1.0-2	1.1.6-1+b2	selected
libip4tc2	1.8.11-2	selected
libip6tc2	1.8.11-2	selected
libisl23	0.27-1	selected
libitm1	14.2.0-19	selected
libixml11t64	1:1.14.20-1+deb13u1	selected
libjack-jackd2-0	1.9.22~dfsg-4	selected
libjavascriptcoregtk-4.1-0	2.52.5-1~deb13u1	selected
libjbig2dec0	0.20-1+b3	selected
libjemalloc2	5.3.0-3	selected
libjson-c5	0.18+ds-1	selected
libjsoncpp26	1.9.6-3	selected
libjxl-gdk-pixbuf	0.11.2-0.1~deb13u2	selected
libjxl0.11	0.11.2-0.1~deb13u2	selected
libkate1	0.4.3-1	selected
libkchart2	2.8.0-4	selected
libkchart6-3	3.0.1-4	selected
libkdsingleapplication-qt6-1.0	1.1.0-2	selected
libkf5activities5	5.116.0-1	selected
libkf5archive-data	5.116.0-1	selected
libkf5archive5	5.116.0-1	selected
libkf5auth-data	5.116.0-1	selected
libkf5authcore5	5.116.0-1	selected
libkf5bookmarks-data	5.116.0-1	selected
libkf5bookmarks5	5.116.0-1	selected
libkf5codecs-data	5.116.0-1	selected
libkf5codecs5	5.116.0-1	selected
libkf5completion-data	5.116.0-1	selected
libkf5completion5	5.116.0-1	selected
libkf5config-data	5.116.0-1	selected
libkf5configcore5	5.116.0-1	selected
libkf5configgui5	5.116.0-1	selected
libkf5configwidgets-data	5.116.0-1	selected
libkf5configwidgets5	5.116.0-1	selected
libkf5coreaddons-data	5.116.0-1	selected
libkf5coreaddons5	5.116.0-1	selected
libkf5crash5	5.116.0-1	selected
libkf5dbusaddons-data	5.116.0-1	selected
libkf5dbusaddons5	5.116.0-1	selected
libkf5doctools5	5.116.0-1	selected
libkf5globalaccel-bin	5.116.0-1	selected
libkf5globalaccel-data	5.116.0-1	selected
libkf5globalaccel5	5.116.0-1	selected
libkf5guiaddons-data	5.116.0-2	selected
libkf5guiaddons5	5.116.0-2	selected
libkf5holidays-data	1:5.116.0-1	selected
libkf5holidays5	1:5.116.0-1	selected
libkf5i18n-data	5.116.0-1	selected
libkf5i18n5	5.116.0-1	selected
libkf5iconthemes-data	5.116.0-1	selected
libkf5iconthemes5	5.116.0-1	selected
libkf5itemviews-data	5.116.0-1	selected
libkf5itemviews5	5.116.0-1	selected
libkf5jobwidgets-data	5.116.0-1	selected
libkf5jobwidgets5	5.116.0-1	selected
libkf5kiocore5	5.116.0-1	selected
libkf5kiofilewidgets5	5.116.0-1	selected
libkf5kiogui5	5.116.0-1	selected
libkf5kiontlm5	5.116.0-1	selected
libkf5kiowidgets5	5.116.0-1	selected
libkf5notifications-data	5.116.0-1	selected
libkf5notifications5	5.116.0-1	selected
libkf5parts-data	5.116.0-1	selected
libkf5parts5	5.116.0-1	selected
libkf5service-bin	5.116.0-1	selected
libkf5service-data	5.116.0-1	selected
libkf5service5	5.116.0-1	selected
libkf5solid5	5.116.0-1	selected
libkf5solid5-data	5.116.0-1	selected
libkf5sonnet5-data	5.116.0-1	selected
libkf5sonnetcore5	5.116.0-1	selected
libkf5sonnetui5	5.116.0-1	selected
libkf5textwidgets-data	5.116.0-1	selected
libkf5textwidgets5	5.116.0-1	selected
libkf5wallet-bin	5.116.0-1	selected
libkf5wallet-data	5.116.0-1	selected
libkf5wallet5	5.116.0-1	selected
libkf5widgetsaddons-data	5.116.0-1	selected
libkf5widgetsaddons5	5.116.0-1	selected
libkf5windowsystem-data	5.116.0-1	selected
libkf5windowsystem5	5.116.0-1	selected
libkf5xmlgui-data	5.116.0-1	selected
libkf5xmlgui5	5.116.0-1	selected
libkf6archive-data	6.13.0-2	selected
libkf6archive6	6.13.0-2	selected
libkf6auth-data	6.13.0-1	selected
libkf6authcore6	6.13.0-1	selected
libkf6bookmarks-data	6.13.0-1	selected
libkf6bookmarks6	6.13.0-1	selected
libkf6bookmarkswidgets6	6.13.0-1	selected
libkf6breezeicons6	6.13.0-3	selected
libkf6codecs-data	6.13.0-1	selected
libkf6codecs6	6.13.0-1	selected
libkf6colorscheme-data	6.13.0-1	selected
libkf6colorscheme6	6.13.0-1	selected
libkf6completion-data	6.13.0-1	selected
libkf6completion6	6.13.0-1	selected
libkf6config-data	6.13.0-2	selected
libkf6configcore6	6.13.0-2	selected
libkf6configgui6	6.13.0-2	selected
libkf6configwidgets-data	6.13.0-1	selected
libkf6configwidgets6	6.13.0-1	selected
libkf6coreaddons-data	6.13.0-1	selected
libkf6coreaddons6	6.13.0-1	selected
libkf6crash6	6.13.0-1	selected
libkf6dbusaddons-data	6.13.0-1	selected
libkf6dbusaddons6	6.13.0-1	selected
libkf6doctools6	6.13.0-1	selected
libkf6globalaccel-data	6.13.0-1	selected
libkf6globalaccel6	6.13.0-1	selected
libkf6guiaddons-data	6.13.0-1	selected
libkf6guiaddons6	6.13.0-1	selected
libkf6i18n-data	6.13.0-1	selected
libkf6i18n6	6.13.0-1	selected
libkf6i18nqml6	6.13.0-1	selected
libkf6iconthemes-data	6.13.0-2	selected
libkf6iconthemes6	6.13.0-2	selected
libkf6iconwidgets6	6.13.0-2	selected
libkf6itemviews-data	6.13.0-1	selected
libkf6itemviews6	6.13.0-1	selected
libkf6jobwidgets-data	6.13.0-1	selected
libkf6jobwidgets6	6.13.0-1	selected
libkf6kcmutils-data	6.13.0-2	selected
libkf6kcmutils6	6.13.0-2	selected
libkf6kcmutilscore6	6.13.0-2	selected
libkf6kcmutilsquick6	6.13.0-2	selected
libkf6kiocore6	6.13.0-6	selected
libkf6kiofilewidgets6	6.13.0-6	selected
libkf6kiogui6	6.13.0-6	selected
libkf6kiowidgets6	6.13.0-6	selected
libkf6notifications-data	6.13.0-1	selected
libkf6notifications6	6.13.0-1	selected
libkf6notifyconfig-data	6.13.0-1	selected
libkf6notifyconfig6	6.13.0-1	selected
libkf6service-bin	6.13.0-1	selected
libkf6service-data	6.13.0-1	selected
libkf6service6	6.13.0-1	selected
libkf6solid-data	6.13.0-1	selected
libkf6solid6	6.13.0-1	selected
libkf6sonnet-data	6.13.0-1	selected
libkf6sonnetcore6	6.13.0-1	selected
libkf6sonnetui6	6.13.0-1	selected
libkf6textwidgets-data	6.13.0-1	selected
libkf6textwidgets6	6.13.0-1	selected
libkf6wallet-data	6.13.0-1	selected
libkf6wallet6	6.13.0-1	selected
libkf6walletbackend6	6.13.0-1	selected
libkf6widgetsaddons-data	6.13.0-1	selected
libkf6widgetsaddons6	6.13.0-1	selected
libkf6windowsystem-data	6.13.0-2	selected
libkf6windowsystem6	6.13.0-2	selected
libkf6xmlgui-data	6.13.0-1	selected
libkf6xmlgui6	6.13.0-1	selected
libkgantt2	2.8.0-4	selected
libkglobalacceld0	6.3.6-1	selected
libklibc	2.0.14-1	selected
libkmod2	34.2-2	selected
libksba8	1.6.7-2+b1	selected
liblab-gamut1	2.42.4-3	selected
liblangtag-common	0.6.7-1	selected
liblangtag1	0.6.7-1+b2	selected
liblapack3	3.12.1-6	selected
liblastfm5-1	1.1.0-5+b3	selected
liblastlog2-2	2.41.5-0+deb13u1	selected
liblc3-1	1.1.3+dfsg-1	selected
libldacbt-abr2	2.0.2.3+git20200429+ed310a0-5	selected
libldacbt-enc2	2.0.2.3+git20200429+ed310a0-5	selected
libldb2	2:2.11.0+samba4.22.10+dfsg-0+deb13u2	selected
liblightdm-gobject-1-0	1.32.0-6+b2	selected
liblilv-0-0	0.24.26-1	selected
liblirc-client0t64	0.10.2-0.10	selected
libllvm19	1:19.1.7-3+b1	selected
liblmdb0	0.9.31-1+b2	selected
liblocale-gettext-perl	1.07-7+b1	selected
liblockfile-bin	1.17-2	selected
liblockfile1	1.17-2	selected
liblqr-1-0	0.4.2-2.1+b2	selected
liblsan0	14.2.0-19	selected
liblsof0	4.99.4+dfsg-2	selected
liblua5.1-0	5.1.5-11	selected
liblua5.2-0	5.2.4-3+b3	selected
liblua5.4-0	5.4.7-1+b2	selected
liblvm2cmd2.03	2.03.31-2	selected
liblzo2-2	2.10-3+b1	selected
libmad0	0.15.1b-11+b1	selected
libmagickcore-7.q16-10	8:7.1.1.43+dfsg1-1+deb13u11	selected
libmagickwand-7.q16-10	8:7.1.1.43+dfsg1-1+deb13u11	selected
libmalcontent-0-0	0.13.0-2+deb13u1	selected
libmanette-0.2-0	0.2.12-1	selected
libmarco-private2	1.26.2-4.1	selected
libmate-desktop-2-17t64	1.26.2-1.2	selected
libmate-menu2	1.26.1-1+b2	selected
libmate-panel-applet-4-1	1.27.1-4.1	selected
libmate-slab0t64	1.26.1-1.1+b4	selected
libmate-window-settings1t64	1.26.1-1.1+b4	selected
libmatekbd-common	1.26.1-1	selected
libmatekbd4	1.26.1-1+b2	selected
libmatemixer-common	1.26.1-1	selected
libmatemixer0	1.26.1-1+b2	selected
libmateweather-common	1.26.3-4	selected
libmateweather1t64	1.26.3-4	selected
libmatroska7	1.7.1-1+b2	selected
libmaxminddb0	1.12.2-1	selected
libmbedcrypto16	3.6.5-0.1~deb13u1	selected
libmbedtls21	3.6.5-0.1~deb13u1	selected
libmbedx509-7	3.6.5-0.1~deb13u1	selected
libmd4c0	0.5.2-2+b1	selected
libmenu-cache-bin	1.1.1-1	selected
libmenu-cache3	1.1.1-1	selected
libmm-glib0	1.24.0-1+deb13u1	selected
libmms0	0.6.4-3+b2	selected
libmnl0	1.0.5-3	selected
libmodplug1	1:0.8.9.0-3+b2	selected
libmount1	2.41.5-0+deb13u1	selected
libmp3lame0	3.100-6+b3	selected
libmpc3	1.3.1-1+b3	selected
libmpcdec6	2:0.1~r495-3	selected
libmpeg2-4	0.5.1-9+b3	selected
libmpfr6	4.2.2-1	selected
libmpg123-0t64	1.32.10-1+deb13u1	selected
libmsgraph-1-1	0.3.3-3	selected
libmspub-0.1-1	0.1.4-3+b5	selected
libmtdev1t64	1.1.7-1	selected
libmtp-common	1.1.22-1	selected
libmtp9t64	1.1.22-1	selected
libmujs3	1.3.6-1	selected
libmwaw-0.3-3	0.3.22-1+b2	selected
libmygpo-qt5-1	1.1.0-4.1+b2	selected
libmypaint-1.5-1	1.6.0-4	selected
libmypaint-common	1.6.0-4	selected
libmysofa1	1.3.3+dfsg-1	selected
libmythes-1.2-0	2:1.2.5-1+b2	selected
libncurses6	6.5+20250216-2	selected
libndp0	1.9-1+b1	selected
libneon27t64-gnutls	0.34.2-1	selected
libnetfilter-conntrack3	1.1.0-1	selected
libnewt0.52	0.52.25-1	selected
libnfnetlink0	1.0.2-3	selected
libnfs14	5.0.2-1+b2	selected
libnfsidmap1	1:2.8.3-1	selected
libnftables1	1.1.3-1	selected
libnftnl11	1.2.9-1	selected
libnice10	0.1.22-1	selected
libnl-3-200	3.7.0-2	selected
libnl-genl-3-200	3.7.0-2	selected
libnl-route-3-200	3.7.0-2	selected
libnm0	1.52.1-1	selected
libnma-common	1.10.6-5	selected
libnma-gtk4-0	1.10.6-5	selected
libnorm1t64	1.5.9+dfsg-3.1+b2	selected
libnotify4	0.8.6-1	selected
libnpth0t64	1.8-3	selected
libnss-systemd	257.13-1~deb13u1	selected
libnuma1	2.0.19-1	selected
libnumbertext-1.0-0	1.0.11-4+b2	selected
libnumbertext-data	1.0.11-4	selected
libnvme1t64	1.13-2	selected
libobjc-14-dev	14.2.0-19	selected
libobjc4	14.2.0-19	selected
libodfgen-0.1-1	0.1.8-2+b2	selected
libogg0	1.3.5-3+b2	selected
libomemo-c0	0.5.1-1	selected
libopenal-data	1:1.24.2-1	selected
libopenal1	1:1.24.2-1	selected
libopencore-amrnb0	0.1.6-1+b2	selected
libopencore-amrwb0	0.1.6-1+b2	selected
libopenexr-3-1-30	3.1.13-2	selected
libopenfec1	1.4.2.11+dfsg-1	selected
libopengl0	1.7.0-1+b2	selected
libopenjp2-7	2.5.3-2.1~deb13u2	selected
libopenmpt-modplug1	0.8.9.0-openmpt1-2+b3	selected
libopenmpt0t64	0.7.13-1+b1	selected
libopus0	1.5.2-2	selected
libopusfile0	0.12-4+b3	selected
liborc-0.4-0t64	1:0.4.41-1	selected
liborcus-0.18-0	0.19.2-6+b1	selected
liborcus-parser-0.18-0	0.19.2-6+b1	selected
libpackagekit-glib2-18	1.3.1-1+deb13u1	selected
libpagemaker-0.0-0	0.0.4-1+b2	selected
libpangomm-1.4-1v5	2.46.4-1+b2	selected
libpangomm-2.48-1t64	2.56.1-1	selected
libpangoxft-1.0-0	1.56.3-1	selected
libpaper2	2.2.5-0.3+b2	selected
libparted-fs-resize0t64	3.6-5	selected
libparted2t64	3.6-5	selected
libpathplan4	2.42.4-3	selected
libpci3	1:3.13.0-2	selected
libpciaccess0	0.17-3+b3	selected
libpcre2-16-0	10.46-1~deb13u1	selected
libpcsclite1	2.3.3-1	selected
libpeas-1.0-0	1.36.0-3+b4	selected
libpeas-common	1.36.0-3	selected
libpgm-5.3-0t64	5.3.128~dfsg-2.1+b1	selected
libphonon-l10n	4:4.12.0-5	selected
libphonon4qt6-4t64	4:4.12.0-5	selected
libphonon4qt6experimental4t64	4:4.12.0-5	selected
libpipeline1	1.5.8-1	selected
libpipewire-0.3-0t64	1.4.2-1	selected
libpipewire-0.3-modules	1.4.2-1	selected
libpkgconf3	1.8.1-4	selected
libplacebo349	7.349.0-3	selected
libplist-2.0-4	2.6.0-2+b1	selected
libpocketsphinx3	0.8+5prealpha+1-15+b4	selected
libpolkit-agent-1-0	126-2	selected
libpolkit-gobject-1-0	126-2	selected
libpolkit-qt5-1-1	0.200.0-4+b1	selected
libpolkit-qt6-1-1	0.200.0-4+b1	selected
libpoppler-cpp2	25.03.0-5+deb13u4	selected
libpoppler-glib8t64	25.03.0-5+deb13u4	selected
libpoppler147	25.03.0-5+deb13u4	selected
libpostproc58	7:7.1.5-0+deb13u1	selected
libpotrace0	1.16-2+b2	selected
libprotobuf-c1	1.5.1-1	selected
libprotobuf-lite32t64	3.21.12-11+deb13u1	selected
libpulse-mainloop-glib0	17.0+dfsg1-2+b1	selected
libpulse0	17.0+dfsg1-2+b1	selected
libpwquality-common	1.4.5-5	selected
libpwquality1	1.4.5-5	selected
libpython3.13	3.13.5-2+deb13u4	selected
libqca-qt5-2	2.3.10-1	selected
libqca-qt6-2	2.3.10-1	selected
libqpdf30	12.2.0-1	selected
libqrencode4	4.1.1-2	selected
libqt5concurrent5t64	5.15.15+dfsg-6+deb13u1	selected
libqt5core5t64	5.15.15+dfsg-6+deb13u1	selected
libqt5dbus5t64	5.15.15+dfsg-6+deb13u1	selected
libqt5gui5t64	5.15.15+dfsg-6+deb13u1	selected
libqt5network5t64	5.15.15+dfsg-6+deb13u1	selected
libqt5printsupport5t64	5.15.15+dfsg-6+deb13u1	selected
libqt5qml5	5.15.15+dfsg-3	selected
libqt5sql5-sqlite	5.15.15+dfsg-6+deb13u1	selected
libqt5sql5t64	5.15.15+dfsg-6+deb13u1	selected
libqt5svg5	5.15.15-2	selected
libqt5texttospeech5	5.15.15-2	selected
libqt5waylandclient5	5.15.15-3	selected
libqt5widgets5t64	5.15.15+dfsg-6+deb13u1	selected
libqt5x11extras5	5.15.15-2	selected
libqt5xml5t64	5.15.15+dfsg-6+deb13u1	selected
libqt6concurrent6	6.8.2+dfsg-9+deb13u2	selected
libqt6core5compat6	6.8.2-3+b1	selected
libqt6core6t64	6.8.2+dfsg-9+deb13u2	selected
libqt6dbus6	6.8.2+dfsg-9+deb13u2	selected
libqt6gui6	6.8.2+dfsg-9+deb13u2	selected
libqt6keychain1	0.15.0-1	selected
libqt6multimedia6	6.8.2-8	selected
libqt6network6	6.8.2+dfsg-9+deb13u2	selected
libqt6opengl6	6.8.2+dfsg-9+deb13u2	selected
libqt6openglwidgets6	6.8.2+dfsg-9+deb13u2	selected
libqt6printsupport6	6.8.2+dfsg-9+deb13u2	selected
libqt6qml6	6.8.2+dfsg-7	selected
libqt6qmlmeta6	6.8.2+dfsg-7	selected
libqt6qmlmodels6	6.8.2+dfsg-7	selected
libqt6qmlworkerscript6	6.8.2+dfsg-7	selected
libqt6quick6	6.8.2+dfsg-7	selected
libqt6quickcontrols2-6	6.8.2+dfsg-7	selected
libqt6quicktemplates2-6	6.8.2+dfsg-7	selected
libqt6quickwidgets6	6.8.2+dfsg-7	selected
libqt6sql6	6.8.2+dfsg-9+deb13u2	selected
libqt6sql6-sqlite	6.8.2+dfsg-9+deb13u2	selected
libqt6svg6	6.8.2-3	selected
libqt6texttospeech6	6.8.2-2	selected
libqt6waylandclient6	6.8.2-4	selected
libqt6widgets6	6.8.2+dfsg-9+deb13u2	selected
libqt6xml6	6.8.2+dfsg-9+deb13u2	selected
libquadmath0	14.2.0-19	selected
libqxp-0.0-0	0.0.2-1+b4	selected
librabbitmq4	0.15.0-1+deb13u1	selected
libraqm0	0.10.2-1	selected
librav1e0.7	0.7.1-9+b2	selected
libraw1394-11	2.1.2-2+b2	selected
libraw23t64	0.21.4-2	selected
librda-common	0.0.5-1.1	selected
librda0	0.0.5-1.1+b2	selected
libreiserfscore0t64	1:3.6.27-9	selected
libreoffice	4:25.2.3-2+deb13u6	selected
libreoffice-base	4:25.2.3-2+deb13u6	selected
libreoffice-base-core	4:25.2.3-2+deb13u6	selected
libreoffice-base-drivers	4:25.2.3-2+deb13u6	selected
libreoffice-calc	4:25.2.3-2+deb13u6	selected
libreoffice-common	4:25.2.3-2+deb13u6	selected
libreoffice-core	4:25.2.3-2+deb13u6	selected
libreoffice-draw	4:25.2.3-2+deb13u6	selected
libreoffice-impress	4:25.2.3-2+deb13u6	selected
libreoffice-math	4:25.2.3-2+deb13u6	selected
libreoffice-report-builder-bin	4:25.2.3-2+deb13u6	selected
libreoffice-style-colibre	4:25.2.3-2+deb13u6	selected
libreoffice-uiconfig-base	4:25.2.3-2+deb13u6	selected
libreoffice-uiconfig-calc	4:25.2.3-2+deb13u6	selected
libreoffice-uiconfig-common	4:25.2.3-2+deb13u6	selected
libreoffice-uiconfig-draw	4:25.2.3-2+deb13u6	selected
libreoffice-uiconfig-impress	4:25.2.3-2+deb13u6	selected
libreoffice-uiconfig-math	4:25.2.3-2+deb13u6	selected
libreoffice-uiconfig-writer	4:25.2.3-2+deb13u6	selected
libreoffice-writer	4:25.2.3-2+deb13u6	selected
libresid-builder0c2a	2.1.1-16	selected
librest-1.0-0	0.9.1-6+b2	selected
librhash1	1.4.5-1	selected
librist4	0.2.11+dfsg-1	selected
libroc0.4	0.4.0+dfsg-5	selected
librsvg2-common	2.60.0+dfsg-1	selected
librubberband2	3.3.0+dfsg-2+b3	selected
libruby	1:3.3+b1	selected
libruby3.3	3.3.8-2	selected
libsamplerate0	0.2.2-4+b2	selected
libsane-common	1.3.1-3	selected
libsane1	1.3.1-3+b1	selected
libsbc1	2.1-1	selected
libscim8v5	1.4.18+git20211204-0.2+b4	selected
libsdl2-2.0-0	2.32.4+dfsg-1	selected
libsensors-config	1:3.6.2-2	selected
libsensors5	1:3.6.2-2	selected
libserd-0-0	0.32.4-1	selected
libshine3	3.1.1-2+b2	selected
libshout3	2.4.6-1+b3	selected
libsidplay1v5	1.36.60-1+b2	selected
libsidplay2	2.1.1-16	selected
libsidplayfp6	2.12.0-1	selected
libsigc++-2.0-0v5	2.12.1-3	selected
libsigc++-3.0-0	3.6.0-2+b1	selected
libsixel1	1.10.5-1	selected
libslang2	2.3.3-5+b2	selected
libsm6	2:1.2.6-1	selected
libsmartcols1	2.41.5-0+deb13u1	selected
libsmbclient0	2:4.22.10+dfsg-0+deb13u2	selected
libsnappy1v5	1.2.2-1	selected
libsndfile1	1.2.2-2+deb13u1	selected
libsndio7.0	1.10.0-0.1	selected
libsnmp-base	5.9.4+dfsg-2+deb13u1	selected
libsnmp40t64	5.9.4+dfsg-2+deb13u1	selected
libsodium23	1.0.18-1+deb13u1	selected
libsord-0-0	0.16.18-1	selected
libsoup-2.4-1	2.74.3-10.1	selected
libsoup2.4-common	2.74.3-10.1	selected
libsoxr0	0.1.3-4+b2	selected
libspa-0.2-bluetooth	1.4.2-1	selected
libspa-0.2-modules	1.4.2-1	selected
libspatialaudio0t64	0.3.0+git20180730+dfsg1-2.1+b1	selected
libspeex1	1.2.1-3	selected
libspeexdsp1	1.2.1-3	selected
libsphinxbase3t64	0.8+5prealpha+1-21+b1	selected
libsratom-0-0	0.6.18-1	selected
libsrt1.5-gnutls	1.5.4-1	selected
libsrtp2-1	2.7.0-3	selected
libss2	1.47.2-3+b11	selected
libssh-4	0.11.5-0+deb13u1	selected
libstaroffice-0.0-0	0.0.7-1+b2	selected
libstartup-notification0	0.12-8	selected
libstd-rust-1.85	1.85.0+dfsg3-1	selected
libstd-rust-dev	1.85.0+dfsg3-1	selected
libstdc++-14-dev	14.2.0-19	selected
libstemmer0d	2.2.0-4+b2	selected
libsuitesparseconfig7	1:7.10.1+dfsg-1	selected
libsvtav1enc2	2.3.0+dfsg-1	selected
libswresample5	7:7.1.5-0+deb13u1	selected
libswscale8	7:7.1.5-0+deb13u1	selected
libsynctex2	2024.20240313.70630+ds-6	selected
libtag2	2.0.2-2	selected
libtalloc2	2:2.4.3+samba4.22.10+dfsg-0+deb13u2	selected
libtcl8.6	8.6.16+dfsg-1	selected
libtdb1	2:1.4.13+samba4.22.10+dfsg-0+deb13u2	selected
libteamdctl0	1.31-1+b2	selected
libtevent0t64	2:0.16.2+samba4.22.10+dfsg-0+deb13u2	selected
libtext-charwidth-perl	0.04-11+b4	selected
libtext-wrapi18n-perl	0.06-10	selected
libtheora0	1.2.0~alpha1+dfsg-6	selected
libtheoradec1	1.2.0~alpha1+dfsg-6	selected
libtheoraenc1	1.2.0~alpha1+dfsg-6	selected
libthunarx-3-0	4.20.2-1+deb13u1	selected
libtirpc-common	1.3.6+ds-1	selected
libtirpc3t64	1.3.6+ds-1	selected
libts0t64	1.22-1.1+b1	selected
libtsan2	14.2.0-19	selected
libtwolame0	0.4.0-2+b2	selected
libubsan1	14.2.0-19	selected
libuchardet0	0.0.8-1+b2	selected
libudfread0	1.1.2-1+b2	selected
libudisks2-0	2.10.1-12.1+deb13u2	selected
libumfpack6	1:7.10.1+dfsg-1	selected
libunibreak6	6.1-3	selected
libuno-cppu3t64	4:25.2.3-2+deb13u6	selected
libuno-cppuhelpergcc3-3t64	4:25.2.3-2+deb13u6	selected
libuno-purpenvhelpergcc3-3t64	4:25.2.3-2+deb13u6	selected
libuno-sal3t64	4:25.2.3-2+deb13u6	selected
libuno-salhelpergcc3-3t64	4:25.2.3-2+deb13u6	selected
libunwind8	1.8.1-0.1	selected
libupnp17t64	1:1.14.20-1+deb13u1	selected
libupower-glib3	1.90.9-1	selected
liburcu8t64	0.15.2-2	selected
liburing2	2.9-1	selected
libusb-1.0-0	2:1.0.28-1	selected
libusbmuxd-2.0-7	2.1.0-1+b1	selected
libutempter0	1.2.1-4	selected
libuuid1	2.41.5-0+deb13u1	selected
libuv1t64	1.50.0-2	selected
libv4l-0t64	1.30.1-1	selected
libv4lconvert0t64	1.30.1-1	selected
libva-drm2	2.22.0-3	selected
libva-wayland2	2.22.0-3	selected
libva-x11-2	2.22.0-3	selected
libva2	2.22.0-3	selected
libvdpau1	1.5-3+b1	selected
libvidstab1.1	1.1.0-2+b2	selected
libvisio-0.1-1	0.1.7-1+b5	selected
libvisual-0.4-0	0.4.2-2+b2	selected
libvlc-bin	3.0.23-0+deb13u1	selected
libvlc5	3.0.23-0+deb13u1	selected
libvlccore9	3.0.23-0+deb13u1	selected
libvolume-key1	0.3.12-9	selected
libvorbis0a	1.3.7-3	selected
libvorbisenc2	1.3.7-3	selected
libvorbisfile3	1.3.7-3	selected
libvpl2	1:2.14.0-1+b1	selected
libvpx9	1.15.0-2.1+deb13u1	selected
libvte-2.91-0	0.80.1-1	selected
libvte-2.91-common	0.80.1-1	selected
libvulkan1	1.4.309.0-1	selected
libwacom-common	2.14.0-1	selected
libwacom9	2.14.0-1	selected
libwavpack1	5.8.1-1	selected
libwayland-server0	1.23.1-3	selected
libwbclient0	2:4.22.10+dfsg-0+deb13u2	selected
libwebkit2gtk-4.1-0	2.52.5-1~deb13u1	selected
libwebpdemux2	1.5.0-0.1	selected
libwebpmux3	1.5.0-0.1	selected
libwebrtc-audio-processing-1-3	1.3-3+b1	selected
libwireplumber-0.5-0	0.5.8-2	selected
libwnck-3-0	43.2-1	selected
libwnck-3-common	43.2-1	selected
libwps-0.4-4	0.4.14-2+b2	selected
libwrap0	7.6.q-36	selected
libwtmpdb0	0.73.0-3+deb13u1	selected
libx11-xcb1	2:1.8.12-1	selected
libx264-164	2:0.164.3108+git31e19f9-2+b1	selected
libx265-215	4.1-2	selected
libxatracker2	25.0.7-2+deb13u1	selected
libxaw7	2:1.0.16-1	selected
libxcb-cursor0	0.1.5-1	selected
libxcb-damage0	1.17.0-2+b1	selected
libxcb-dri3-0	1.17.0-2+b1	selected
libxcb-glx0	1.17.0-2+b1	selected
libxcb-icccm4	0.4.2-1	selected
libxcb-image0	0.4.0-2+b2	selected
libxcb-keysyms1	0.4.1-1	selected
libxcb-present0	1.17.0-2+b1	selected
libxcb-randr0	1.17.0-2+b1	selected
libxcb-record0	1.17.0-2+b1	selected
libxcb-render-util0	0.3.10-1	selected
libxcb-res0	1.17.0-2+b1	selected
libxcb-shape0	1.17.0-2+b1	selected
libxcb-sync1	1.17.0-2+b1	selected
libxcb-util1	0.4.1-1	selected
libxcb-xfixes0	1.17.0-2+b1	selected
libxcb-xinerama0	1.17.0-2+b1	selected
libxcb-xinput0	1.17.0-2+b1	selected
libxcb-xkb1	1.17.0-2+b1	selected
libxcb-xv0	1.17.0-2+b1	selected
libxcvt0	0.1.3-1	selected
libxfce4ui-2-0	4.20.1-1	selected
libxfce4ui-common	4.20.1-1	selected
libxfce4util-common	4.20.1-1	selected
libxfce4util7	4.20.1-1	selected
libxfconf-0-3	4.20.0-1	selected
libxfont2	1:2.0.6-1+deb13u1	selected
libxft2	2.3.6-1+b4	selected
libxkbcommon-x11-0	1.7.0-2	selected
libxkbfile1	1:1.1.0-1+b4	selected
libxkbregistry0	1.7.0-2	selected
libxklavier16	5.4-5+b2	selected
libxml++2.6-2v5	2.42.3-2	selected
libxmlb2	0.3.22-1	selected
libxmlsec1t64	1.2.41-1+b1	selected
libxmlsec1t64-nss	1.2.41-1+b1	selected
libxmu6	2:1.1.3-3+b4	selected
libxmuu1	2:1.1.3-3+b4	selected
libxpm4	1:3.5.17-1+deb13u1	selected
libxpresent1	1.0.1-1+b2	selected
libxres1	2:1.2.1-1+b2	selected
libxshmfence1	1.3.3-1	selected
libxss1	1:1.2.3-1+b3	selected
libxt6t64	1:1.2.1-1.2+b2	selected
libxtables12	1.8.11-2	selected
libxtst6	2:1.2.5-1	selected
libxv1	2:1.0.11-1.1+b3	selected
libxvidcore4	2:1.3.7-1+b2	selected
libxxf86dga1	2:1.1.5-1+b3	selected
libxxf86vm1	1:1.1.4-1+b4	selected
libyaml-0-2	0.2.5-2	selected
libyuv0	0.0.1904.20250204-1	selected
libz3-4	4.13.3-1	selected
libzimg2	3.0.5+ds1-1+b2	selected
libzix-0-0	0.6.2-1	selected
libzmf-0.0-0	0.0.2-1+b9	selected
libzmq5	4.3.5-1+b3	selected
libzvbi-common	0.2.44-1	selected
libzvbi0t64	0.2.44-1	selected
libzxcvbn0	2.5+dfsg-2+b2	selected
libzxing3	2.3.0-4	selected
lightdm	1.32.0-6+b2	selected
lightdm-gtk-greeter	2.0.9-1	selected
linux-base	4.12.1	selected
linux-image-6.12.101+deb13-amd64	6.12.101-1	selected
linux-image-amd64	6.12.101-1	selected
linux-libc-dev	6.12.101-1	selected
linux-sysctl-defaults	4.12.1	selected
llvm-19-linker-tools	1:19.1.7-3+b1	selected
locales	2.41-12+deb13u3	selected
login	1:4.16.0-2+really2.41.5-0+deb13u1	selected
logrotate	3.22.0-1	selected
logsave	1.47.2-3+b11	selected
lsof	4.99.4+dfsg-2	selected
lvm2	2.03.31-2	selected
lxmenu-data	0.1.6-3	selected
man-db	2.13.1-1	selected
manpages	6.9.1-1	selected
marco	1.26.2-4.1	selected
marco-common	1.26.2-4.1	selected
mate-control-center	1.26.1-1.1+b4	selected
mate-control-center-common	1.26.1-1.1	selected
mate-desktop	1.26.2-1.2	selected
mate-desktop-common	1.26.2-1.2	selected
mate-desktop-environment-core	1.26.0+2	selected
mate-icon-theme	1.26.0-1	selected
mate-menus	1.26.1-1	selected
mate-notification-daemon	1.26.1-1+b3	selected
mate-notification-daemon-common	1.26.1-1	selected
mate-panel	1.27.1-4.1	selected
mate-panel-common	1.27.1-4.1	selected
mate-polkit	1.26.1-4+b1	selected
mate-polkit-common	1.26.1-4	selected
mate-session-manager	1.26.1-2+b1	selected
mate-settings-daemon	1.26.1-1.2	selected
mate-settings-daemon-common	1.26.1-1.2	selected
mate-terminal	1.26.1-1+b1	selected
mate-terminal-common	1.26.1-1	selected
mate-themes	3.22.26-1	selected
mesa-libgallium	25.0.7-2+deb13u1	selected
meson	1.7.0-1	selected
micro	2.0.14-1+b6	selected
mount	2.41.5-0+deb13u1	selected
mpv	0.40.0-3+deb13u1	selected
mutter-common	48.7-0+deb13u1	selected
nano	8.4-1+deb13u1	selected
ncurses-term	6.5+20250216-2	selected
net-tools	2.10-1.3	selected
netcat-traditional	1.10-50	selected
network-manager	1.52.1-1	selected
nfs-common	1:2.8.3-1	selected
nftables	1.1.3-1	selected
nginx	1.26.3-3+deb13u7	selected
nginx-common	1.26.3-3+deb13u7	selected
ninja-build	1.12.1-1	selected
ocl-icd-libopencl1	2.3.3-1	selected
openssh-client	1:10.0p1-7+deb13u4	selected
openssh-server	1:10.0p1-7+deb13u4	selected
openssh-sftp-server	1:10.0p1-7+deb13u4	selected
os-prober	1.83	selected
parted	3.6-5	selected
pavucontrol	6.1-1	selected
pci.ids	0.0~2025.06.09-1	selected
pciutils	1:3.13.0-2	selected
pcmanfm	1.4.0-1	selected
phonon-backend-vlc-common	0.12.0-3	selected
phonon4qt6	4:4.12.0-5	selected
phonon4qt6-backend-vlc	0.12.0-3+b4	selected
pipewire	1.4.2-1	selected
pipewire-alsa	1.4.2-1	selected
pipewire-audio	1.4.2-1	selected
pipewire-bin	1.4.2-1	selected
pipewire-pulse	1.4.2-1	selected
pkexec	126-2	selected
pkg-config	1.8.1-4	selected
pkgconf	1.8.1-4	selected
pkgconf-bin	1.8.1-4	selected
pluma	1.26.1-2.1	selected
pluma-common	1.26.1-2.1	selected
polkitd	126-2	selected
poppler-data	0.4.12-1	selected
poppler-utils	25.03.0-5+deb13u4	selected
psmisc	23.7-2	selected
python-apt-common	3.0.0	selected
python3-apt	3.0.0	selected
python3-attr	25.3.0-1	selected
python3-autocommand	2.2.2-3	selected
python3-bcrypt	4.2.0-2.1+b1	selected
python3-cairo	1.27.0-2	selected
python3-certifi	2025.1.31+ds-1	selected
python3-cffi-backend	1.17.1-3	selected
python3-chardet	5.2.0+dfsg-2	selected
python3-charset-normalizer	3.4.2-1	selected
python3-cryptography	43.0.0-3+deb13u1	selected
python3-css-parser	1.0.10-1	selected
python3-cups	2.0.4-2+b2	selected
python3-cupshelpers	1.5.18-4	selected
python3-dbus	1.4.0-1	selected
python3-debconf	1.5.91	selected
python3-debian	1.0.1	selected
python3-debianbts	4.1.1	selected
python3-emoji	2.14.1-1	selected
python3-firewall	2.3.1-1+deb13u1	selected
python3-gi	3.50.0-4+b1	selected
python3-gi-cairo	3.50.0-4+b1	selected
python3-greenlet	3.1.0-1+b2	selected
python3-idna	3.10-1+deb13u1	selected
python3-inflect	7.3.1-2	selected
python3-jaraco.classes	3.4.0-1	selected
python3-jaraco.context	6.0.1-1+deb13u1	selected
python3-jaraco.functools	4.1.0-1	selected
python3-jaraco.text	4.0.0-1	selected
python3-jeepney	0.9.0-1	selected
python3-jsonschema	4.19.2-6	selected
python3-jsonschema-specifications	2023.12.1-2	selected
python3-keyring	25.6.0-2	selected
python3-more-itertools	10.7.0-1	selected
python3-nbxmpp	6.1.1-1	selected
python3-nftables	1.1.3-1	selected
python3-omemo-dr	1.0.1-2+b3	selected
python3-packaging	25.0-1	selected
python3-pil	11.1.0-5+deb13u4	selected
python3-pip	25.1.1+dfsg-1	selected
python3-pkg-resources	78.1.1-0.1	selected
python3-precis-i18n	1.1.1-2	selected
python3-protobuf	3.21.12-11+deb13u1	selected
python3-qrcode	8.2-1	selected
python3-referencing	0.36.2-1	selected
python3-reportbug	13.2.0	selected
python3-requests	2.32.3+dfsg-5+deb13u1	selected
python3-rpds-py	0.21.0-2+b1	selected
python3-secretstorage	3.3.3-3	selected
python3-setuptools	78.1.1-0.1	selected
python3-sqlalchemy	2.0.40+ds1-1	selected
python3-typeguard	4.4.2-1	selected
python3-typing-extensions	4.13.2-1	selected
python3-uno	4:25.2.3-2+deb13u6	selected
python3-urllib3	2.3.0-3+deb13u2	selected
python3-wheel	0.46.1-2	selected
python3-zipp	3.21.0-1	selected
qemu-guest-agent	1:10.0.11+ds-0+deb13u1	selected
qt6-qpa-plugins	6.8.2+dfsg-9+deb13u2	selected
rake	13.2.1-1	selected
reportbug	13.2.0	selected
rfkill	2.41.5-0+deb13u1	selected
ripgrep	14.1.1-1+b4	selected
rpcbind	1.2.7-1	selected
rpcsvc-proto	1.4.3-1	selected
ruby	1:3.3+b1	selected
ruby-csv	3.3.4-1	selected
ruby-did-you-mean	1.6.3-2	selected
ruby-hocon	1.3.1-2	selected
ruby-net-telnet	0.2.0-1	selected
ruby-ruby2-keywords	0.0.5-1	selected
ruby-rubygems	3.6.7-2	selected
ruby-thor	1.3.2-2.1	selected
ruby-webrick	1.9.1-1	selected
ruby-xmlrpc	0.3.3-2	selected
ruby3.3	3.3.8-2	selected
rubygems-integration	1.19	selected
runit-helper	2.16.4	selected
rustc	1.85.0+dfsg3-1	selected
samba	2:4.22.10+dfsg-0+deb13u2	selected
samba-common	2:4.22.10+dfsg-0+deb13u2	selected
samba-common-bin	2:4.22.10+dfsg-0+deb13u2	selected
samba-libs	2:4.22.10+dfsg-0+deb13u2	selected
sgml-base	1.31+nmu1	selected
sound-theme-freedesktop	0.8-6~deb13u1	selected
sqlite3	3.46.1-7+deb13u1	selected
ssl-cert	1.1.3	selected
strace	6.13+ds-1	selected
strawberry	1.2.10-2	selected
sudo	1.9.16p2-3+deb13u2	selected
system-config-printer	1.5.18-4	selected
system-config-printer-common	1.5.18-4	selected
systemd-timesyncd	257.13-1~deb13u1	selected
task-english	3.81	selected
task-ssh-server	3.81	selected
tasksel	3.81	selected
tasksel-data	3.81	selected
tecla	48.0.2-1	selected
terminology	1.14.0-1	selected
terminology-data	1.14.0-1	selected
thunar	4.20.2-1+deb13u1	selected
thunar-data	4.20.2-1+deb13u1	selected
timgm6mb-soundfont	1.3-5	selected
traceroute	1:2.1.6-1	selected
ucf	3.0052	selected
udev	257.13-1~deb13u1	selected
udisks2	2.10.1-12.1+deb13u2	selected
ufw	0.36.2-9	selected
uno-libs-private	4:25.2.3-2+deb13u6	selected
ure	4:25.2.3-2+deb13u6	selected
usbutils	1:018-2	selected
util-linux	2.41.5-0+deb13u1	selected
util-linux-extra	2.41.5-0+deb13u1	selected
vim-common	2:9.1.1230-2	selected
vim-gtk3	2:9.1.1230-2	selected
vim-gui-common	2:9.1.1230-2	selected
vim-runtime	2:9.1.1230-2	selected
vim-tiny	2:9.1.1230-2	selected
vlc	3.0.23-0+deb13u1	selected
vlc-bin	3.0.23-0+deb13u1	selected
vlc-data	3.0.23-0+deb13u1	selected
vlc-plugin-base	3.0.23-0+deb13u1	selected
vlc-plugin-qt	3.0.23-0+deb13u1	selected
vlc-plugin-video-output	3.0.23-0+deb13u1	selected
wamerican	2020.12.07-4	selected
webp-pixbuf-loader	0.2.7-1+b1	selected
weechat	4.6.3-1	selected
weechat-core	4.6.3-1	selected
weechat-curses	4.6.3-1	selected
wget	1.25.0-2	selected
whiptail	0.52.25-1	selected
wireplumber	0.5.8-2	selected
wpasupplicant	2:2.10-24	selected
wtmpdb	0.73.0-3+deb13u1	selected
x11-apps	7.7+11+b1	selected
x11-session-utils	7.7+6+b1	selected
x11-utils	7.7+7	selected
x11-xkb-utils	7.7+9	selected
x11-xserver-utils	7.7+11	selected
xauth	1:1.1.2-1.1	selected
xdg-dbus-proxy	0.1.6-1+deb13u2	selected
xdg-utils	1.2.1-2	selected
xfce4-terminal	1.1.4-1	selected
xfconf	4.20.0-1	selected
xfonts-100dpi	1:1.0.5	selected
xfonts-75dpi	1:1.0.5	selected
xfonts-base	1:1.0.5+nmu1	selected
xfonts-scalable	1:1.0.3-1.3	selected
xfsprogs	6.13.0-2+b1	selected
xinit	1.4.2-1	selected
xml-core	0.19	selected
xorg	1:7.7+24+deb13u1	selected
xorg-docs-core	1:1.7.3-1	selected
xserver-common	2:21.1.16-1.3+deb13u3	selected
xserver-xorg	1:7.7+24+deb13u1	selected
xserver-xorg-core	2:21.1.16-1.3+deb13u3	selected
xserver-xorg-input-all	1:7.7+24+deb13u1	selected
xserver-xorg-input-libinput	1.5.0-1	selected
xserver-xorg-video-all	1:7.7+24+deb13u1	selected
xserver-xorg-video-amdgpu	23.0.0-1	selected
xserver-xorg-video-ati	1:22.0.0-1	selected
xserver-xorg-video-fbdev	1:0.5.0-2	selected
xserver-xorg-video-nouveau	1:1.0.18-1	selected
xserver-xorg-video-radeon	1:22.0.0-1	selected
xserver-xorg-video-vesa	1:2.6.0-2	selected
xserver-xorg-video-vmware	1:13.4.0-1	selected
zathura	0.5.11-1	selected
zathura-pdf-poppler	0.3.3-1	selected
zenity	4.1.90-1	selected
zenity-common	4.1.90-1	selected
zstd	1.5.7+dfsg-1	selected
