order	tier	phase	name	source_package	mode
1	base	00-bootstrap-runtime	BusyBox	busybox	base-dev-first
2	base	00-bootstrap-runtime	Lua	lua	base-dev-first
3	base	00-bootstrap-runtime	CACerts	ca-certificates	base-dev-first
4	base	01-source-fetch	Zlib	zlib	base-dev-first
5	base	01-source-fetch	OpenSSL	openssl	base-dev-first
6	base	01-source-fetch	Curl	curl	base-dev-first
7	base	02-build-toolchain	PkgConfig	pkgconf	base-dev-first
8	base	02-build-toolchain	Make	make-dfsg	base-dev-first
9	base	02-build-toolchain	CMake	cmake	base-dev-first
10	base	02-build-toolchain	Meson	meson	base-dev-first
11	base	02-build-toolchain	Ninja	ninja-build	base-dev-first
12	base	03-core-libraries	LibFFI	libffi	base-dev-first
13	base	03-core-libraries	PCRE2	pcre2	base-dev-first
14	base	03-core-libraries	LibXML2	libxml2	base-dev-first
15	base	03-core-libraries	LibPNG	libpng1.6	base-dev-first
16	base	03-core-libraries	JPEG	libjpeg-turbo	base-dev-first
17	base	03-core-libraries	Freetype	freetype	base-dev-first
18	base	03-core-libraries	Fontconfig	fontconfig	base-dev-first
19	base	04-x11-base	XorgProto	xorgproto	base-dev-first
20	base	04-x11-base	XCBProto	xcb-proto	base-dev-first
21	base	04-x11-base	LibXau	libxau	base-dev-first
22	base	04-x11-base	LibXdmcp	libxdmcp	base-dev-first
23	base	04-x11-base	LibXCB	libxcb	base-dev-first
24	base	04-x11-base	Xtrans	xtrans	base-dev-first
25	base	04-x11-base	LibX11	libx11	base-dev-first
26	base	04-x11-base	XorgServer	xorg-server	base-dev-first
27	base	05-efl-edge	GLib	glib2.0	base-dev-first
28	base	05-efl-edge	DBus	dbus	base-dev-first
29	base	05-efl-edge	Pixman	pixman	base-dev-first
30	base	05-efl-edge	Cairo	cairo	base-dev-first
31	base	05-efl-edge	EFL	efl	base-dev-first
32	app-request	requested-profile	abiword	abiword	after-auzix-native-container
33	app-request	requested-profile	adduser	adduser	after-auzix-native-container
34	app-request	requested-profile	alacritty	alacritty	after-auzix-native-container
35	app-request	requested-profile	apt	apt	after-auzix-native-container
36	app-request	requested-profile	apt-listchanges	apt-listchanges	after-auzix-native-container
37	app-request	requested-profile	apt-transport-https	apt-transport-https	after-auzix-native-container
38	app-request	requested-profile	apt-utils	apt-utils	after-auzix-native-container
39	app-request	requested-profile	audacious	audacious	after-auzix-native-container
40	app-request	requested-profile	baobab	baobab	after-auzix-native-container
41	app-request	requested-profile	base-files	base-files	after-auzix-native-container
42	app-request	requested-profile	base-passwd	base-passwd	after-auzix-native-container
43	app-request	requested-profile	bash	bash	after-auzix-native-container
44	app-request	requested-profile	bash-completion	bash-completion	after-auzix-native-container
45	app-request	requested-profile	bind9-dnsutils	bind9-dnsutils	after-auzix-native-container
46	app-request	requested-profile	bind9-host	bind9-host	after-auzix-native-container
47	app-request	requested-profile	binutils	binutils	after-auzix-native-container
48	app-request	requested-profile	bsdutils	bsdutils	after-auzix-native-container
49	app-request	requested-profile	btrfs-progs	btrfs-progs	after-auzix-native-container
50	app-request	requested-profile	bubblewrap	bubblewrap	after-auzix-native-container
51	app-request	requested-profile	build-essential	build-essential	after-auzix-native-container
52	app-request	requested-profile	busybox	busybox	after-auzix-native-container
53	app-request	requested-profile	bzip2	bzip2	after-auzix-native-container
54	app-request	requested-profile	ca-certificates	ca-certificates	after-auzix-native-container
55	app-request	requested-profile	calligra	calligra	after-auzix-native-container
56	app-request	requested-profile	calligraplan	calligraplan	after-auzix-native-container
57	app-request	requested-profile	calligrasheets	calligrasheets	after-auzix-native-container
58	app-request	requested-profile	calligrastage	calligrastage	after-auzix-native-container
59	app-request	requested-profile	calligrawords	calligrawords	after-auzix-native-container
60	app-request	requested-profile	cargo	cargo	after-auzix-native-container
61	app-request	requested-profile	cifs-utils	cifs-utils	after-auzix-native-container
62	app-request	requested-profile	clang	clang	after-auzix-native-container
63	app-request	requested-profile	claws-mail	claws-mail	after-auzix-native-container
64	app-request	requested-profile	clementine	clementine	after-auzix-native-container
65	app-request	requested-profile	cmake	cmake	after-auzix-native-container
66	app-request	requested-profile	code	code	after-auzix-native-container
67	app-request	requested-profile	coinor-libcoinmp0	coinor-libcoinmp0	after-auzix-native-container
68	app-request	requested-profile	colord	colord	after-auzix-native-container
69	app-request	requested-profile	console-setup	console-setup	after-auzix-native-container
70	app-request	requested-profile	coreutils	coreutils	after-auzix-native-container
71	app-request	requested-profile	cpio	cpio	after-auzix-native-container
72	app-request	requested-profile	cron	cron	after-auzix-native-container
73	app-request	requested-profile	cron-daemon-common	cron-daemon-common	after-auzix-native-container
74	app-request	requested-profile	cups	cups	after-auzix-native-container
75	app-request	requested-profile	curl	curl	after-auzix-native-container
76	app-request	requested-profile	dash	dash	after-auzix-native-container
77	app-request	requested-profile	dbus	dbus	after-auzix-native-container
78	app-request	requested-profile	dbus-x11	dbus-x11	after-auzix-native-container
79	app-request	requested-profile	dconf-gsettings-backend	dconf-gsettings-backend	after-auzix-native-container
80	app-request	requested-profile	debconf	debconf	after-auzix-native-container
81	app-request	requested-profile	debconf-i18n	debconf-i18n	after-auzix-native-container
82	app-request	requested-profile	debian-archive-keyring	debian-archive-keyring	after-auzix-native-container
83	app-request	requested-profile	debian-faq	debian-faq	after-auzix-native-container
84	app-request	requested-profile	debianutils	debianutils	after-auzix-native-container
85	app-request	requested-profile	dhcpcd-base	dhcpcd-base	after-auzix-native-container
86	app-request	requested-profile	diffutils	diffutils	after-auzix-native-container
87	app-request	requested-profile	dino-im	dino-im	after-auzix-native-container
88	app-request	requested-profile	dmidecode	dmidecode	after-auzix-native-container
89	app-request	requested-profile	doc-debian	doc-debian	after-auzix-native-container
90	app-request	requested-profile	dosfstools	dosfstools	after-auzix-native-container
91	app-request	requested-profile	dpkg	dpkg	after-auzix-native-container
92	app-request	requested-profile	e2fsprogs	e2fsprogs	after-auzix-native-container
93	app-request	requested-profile	enlightenment	enlightenment	after-auzix-native-container
94	app-request	requested-profile	ephoto	ephoto	after-auzix-native-container
95	app-request	requested-profile	exfatprogs	exfatprogs	after-auzix-native-container
96	app-request	requested-profile	facter	facter	after-auzix-native-container
97	app-request	requested-profile	fdisk	fdisk	after-auzix-native-container
98	app-request	requested-profile	file	file	after-auzix-native-container
99	app-request	requested-profile	findutils	findutils	after-auzix-native-container
100	app-request	requested-profile	flatpak	flatpak	after-auzix-native-container
101	app-request	requested-profile	firefox-esr	firefox-esr	after-auzix-native-container
102	app-request	requested-profile	firewall-config	firewall-config	after-auzix-native-container
103	app-request	requested-profile	fontconfig	fontconfig	after-auzix-native-container
104	app-request	requested-profile	fontconfig-config	fontconfig-config	after-auzix-native-container
105	app-request	requested-profile	fonts-dejavu-core	fonts-dejavu-core	after-auzix-native-container
106	app-request	requested-profile	fonts-opensymbol	fonts-opensymbol	after-auzix-native-container
107	app-request	requested-profile	gajim	gajim	after-auzix-native-container
108	app-request	requested-profile	galculator	galculator	after-auzix-native-container
109	app-request	requested-profile	gcc	gcc	after-auzix-native-container
110	app-request	requested-profile	gcc-14-base	gcc-14-base	after-auzix-native-container
111	app-request	requested-profile	geany	geany	after-auzix-native-container
112	app-request	requested-profile	gettext-base	gettext-base	after-auzix-native-container
113	app-request	requested-profile	gimp	gimp	after-auzix-native-container
114	app-request	requested-profile	gir1.2-glib-2.0	gir1.2-glib-2.0	after-auzix-native-container
115	app-request	requested-profile	gir1.2-gtk-3.0	gir1.2-gtk-3.0	after-auzix-native-container
116	app-request	requested-profile	gir1.2-peas-1.0	gir1.2-peas-1.0	after-auzix-native-container
117	app-request	requested-profile	git	git	after-auzix-native-container
118	app-request	requested-profile	gnome-control-center	gnome-control-center	after-auzix-native-container
119	app-request	requested-profile	gnome-disk-utility	gnome-disk-utility	after-auzix-native-container
120	app-request	requested-profile	gnome-settings-daemon	gnome-settings-daemon	after-auzix-native-container
121	app-request	requested-profile	gnumeric	gnumeric	after-auzix-native-container
122	app-request	requested-profile	gnupg	gnupg	after-auzix-native-container
123	app-request	requested-profile	gparted	gparted	after-auzix-native-container
124	app-request	requested-profile	gpg	gpg	after-auzix-native-container
125	app-request	requested-profile	gpg-agent	gpg-agent	after-auzix-native-container
126	app-request	requested-profile	gpgconf	gpgconf	after-auzix-native-container
127	app-request	requested-profile	gpgsm	gpgsm	after-auzix-native-container
128	app-request	requested-profile	gpgv	gpgv	after-auzix-native-container
129	app-request	requested-profile	grep	grep	after-auzix-native-container
130	app-request	requested-profile	groff-base	groff-base	after-auzix-native-container
131	app-request	requested-profile	grub-common	grub-common	after-auzix-native-container
132	app-request	requested-profile	grub-pc	grub-pc	after-auzix-native-container
133	app-request	requested-profile	gufw	gufw	after-auzix-native-container
134	app-request	requested-profile	gzip	gzip	after-auzix-native-container
135	app-request	requested-profile	hexchat	hexchat	after-auzix-native-container
136	app-request	requested-profile	hostname	hostname	after-auzix-native-container
137	app-request	requested-profile	htop	htop	after-auzix-native-container
138	app-request	requested-profile	ifupdown	ifupdown	after-auzix-native-container
139	app-request	requested-profile	imagemagick	imagemagick	after-auzix-native-container
140	app-request	requested-profile	inetutils-telnet	inetutils-telnet	after-auzix-native-container
141	app-request	requested-profile	init	init	after-auzix-native-container
142	app-request	requested-profile	initramfs-tools	initramfs-tools	after-auzix-native-container
143	app-request	requested-profile	init-system-helpers	init-system-helpers	after-auzix-native-container
144	app-request	requested-profile	inkscape	inkscape	after-auzix-native-container
145	app-request	requested-profile	installation-report	installation-report	after-auzix-native-container
146	app-request	requested-profile	intel-microcode	intel-microcode	after-auzix-native-container
147	app-request	requested-profile	iproute2	iproute2	after-auzix-native-container
148	app-request	requested-profile	iputils-ping	iputils-ping	after-auzix-native-container
149	app-request	requested-profile	iw	iw	after-auzix-native-container
150	app-request	requested-profile	jq	jq	after-auzix-native-container
151	app-request	requested-profile	keyboard-configuration	keyboard-configuration	after-auzix-native-container
152	app-request	requested-profile	x11-xkb-utils	x11-xkb-utils	after-auzix-native-container
153	app-request	requested-profile	xkb-data	xkb-data	after-auzix-native-container
154	app-request	requested-profile	kio6	kio6	after-auzix-native-container
155	app-request	requested-profile	kitty	kitty	after-auzix-native-container
156	app-request	requested-profile	kmod	kmod	after-auzix-native-container
157	app-request	requested-profile	krb5-locales	krb5-locales	after-auzix-native-container
158	app-request	requested-profile	l3afpad	l3afpad	after-auzix-native-container
159	app-request	requested-profile	laptop-detect	laptop-detect	after-auzix-native-container
160	app-request	requested-profile	less	less	after-auzix-native-container
161	app-request	requested-profile	libabw-0.1-1	libabw-0.1-1	after-auzix-native-container
162	app-request	requested-profile	libacl1	libacl1	after-auzix-native-container
163	app-request	requested-profile	libapparmor1	libapparmor1	after-auzix-native-container
164	app-request	requested-profile	libeet-bin	libeet-bin	after-auzix-native-container
165	app-request	requested-profile	libapt-pkg7.0	libapt-pkg7.0	after-auzix-native-container
166	app-request	requested-profile	libattr1	libattr1	after-auzix-native-container
167	app-request	requested-profile	libaudit1	libaudit1	after-auzix-native-container
168	app-request	requested-profile	libaudit-common	libaudit-common	after-auzix-native-container
169	app-request	requested-profile	libblkid1	libblkid1	after-auzix-native-container
170	app-request	requested-profile	libbpf1	libbpf1	after-auzix-native-container
171	app-request	requested-profile	libbsd0	libbsd0	after-auzix-native-container
172	app-request	requested-profile	libbz2-1.0	libbz2-1.0	after-auzix-native-container
173	app-request	requested-profile	libc6	libc6	after-auzix-native-container
174	app-request	requested-profile	libcap2	libcap2	after-auzix-native-container
175	app-request	requested-profile	libcap2-bin	libcap2-bin	after-auzix-native-container
176	app-request	requested-profile	libcap-ng0	libcap-ng0	after-auzix-native-container
177	app-request	requested-profile	libc-bin	libc-bin	after-auzix-native-container
178	app-request	requested-profile	libcdr-0.1-1	libcdr-0.1-1	after-auzix-native-container
179	app-request	requested-profile	libcom-err2	libcom-err2	after-auzix-native-container
180	app-request	requested-profile	libcrypt1	libcrypt1	after-auzix-native-container
181	app-request	requested-profile	libdb5.3t64	libdb5.3t64	after-auzix-native-container
182	app-request	requested-profile	libdebconfclient0	libdebconfclient0	after-auzix-native-container
183	app-request	requested-profile	libe-book-0.1-1	libe-book-0.1-1	after-auzix-native-container
184	app-request	requested-profile	libedit2	libedit2	after-auzix-native-container
185	app-request	requested-profile	libelf1t64	libelf1t64	after-auzix-native-container
186	app-request	requested-profile	libepubgen-0.1-1	libepubgen-0.1-1	after-auzix-native-container
187	app-request	requested-profile	libetonyek-0.1-1	libetonyek-0.1-1	after-auzix-native-container
188	app-request	requested-profile	libext2fs2t64	libext2fs2t64	after-auzix-native-container
189	app-request	requested-profile	libfdisk1	libfdisk1	after-auzix-native-container
190	app-request	requested-profile	libgcc-s1	libgcc-s1	after-auzix-native-container
191	app-request	requested-profile	libgmp10	libgmp10	after-auzix-native-container
192	app-request	requested-profile	libgssapi-krb5-2	libgssapi-krb5-2	after-auzix-native-container
193	app-request	requested-profile	libhogweed6t64	libhogweed6t64	after-auzix-native-container
194	app-request	requested-profile	libidn2-0	libidn2-0	after-auzix-native-container
195	app-request	requested-profile	libjansson4	libjansson4	after-auzix-native-container
196	app-request	requested-profile	libk5crypto3	libk5crypto3	after-auzix-native-container
197	app-request	requested-profile	libkeyutils1	libkeyutils1	after-auzix-native-container
198	app-request	requested-profile	libkmod2	libkmod2	after-auzix-native-container
199	app-request	requested-profile	libkrb5-3	libkrb5-3	after-auzix-native-container
200	app-request	requested-profile	libkrb5support0	libkrb5support0	after-auzix-native-container
201	app-request	requested-profile	liblastlog2-2	liblastlog2-2	after-auzix-native-container
202	app-request	requested-profile	liblocale-gettext-perl	liblocale-gettext-perl	after-auzix-native-container
203	app-request	requested-profile	liblockfile-bin	liblockfile-bin	after-auzix-native-container
204	app-request	requested-profile	liblz4-1	liblz4-1	after-auzix-native-container
205	app-request	requested-profile	liblzma5	liblzma5	after-auzix-native-container
206	app-request	requested-profile	libmd0	libmd0	after-auzix-native-container
207	app-request	requested-profile	libmnl0	libmnl0	after-auzix-native-container
208	app-request	requested-profile	libmount1	libmount1	after-auzix-native-container
209	app-request	requested-profile	libmwaw-0.3-3	libmwaw-0.3-3	after-auzix-native-container
210	app-request	requested-profile	libncursesw6	libncursesw6	after-auzix-native-container
211	app-request	requested-profile	libnettle8t64	libnettle8t64	after-auzix-native-container
212	app-request	requested-profile	libnewt0.52	libnewt0.52	after-auzix-native-container
213	app-request	requested-profile	libnftables1	libnftables1	after-auzix-native-container
214	app-request	requested-profile	libnftnl11	libnftnl11	after-auzix-native-container
215	app-request	requested-profile	libnss-systemd	libnss-systemd	after-auzix-native-container
216	app-request	requested-profile	libnumbertext-data	libnumbertext-data	after-auzix-native-container
217	app-request	requested-profile	libodfgen-0.1-1	libodfgen-0.1-1	after-auzix-native-container
218	app-request	requested-profile	libpam0g	libpam0g	after-auzix-native-container
219	app-request	requested-profile	libpam-modules	libpam-modules	after-auzix-native-container
220	app-request	requested-profile	libpam-modules-bin	libpam-modules-bin	after-auzix-native-container
221	app-request	requested-profile	libpam-runtime	libpam-runtime	after-auzix-native-container
222	app-request	requested-profile	libpam-systemd	libpam-systemd	after-auzix-native-container
223	app-request	requested-profile	libpcre2-8-0	libpcre2-8-0	after-auzix-native-container
224	app-request	requested-profile	libpolkit-agent-1-0	libpolkit-agent-1-0	after-auzix-native-container
225	app-request	requested-profile	libpolkit-gobject-1-0	libpolkit-gobject-1-0	after-auzix-native-container
226	app-request	requested-profile	libpopt0	libpopt0	after-auzix-native-container
227	app-request	requested-profile	libproc2-0	libproc2-0	after-auzix-native-container
228	app-request	requested-profile	libquadmath0	libquadmath0	after-auzix-native-container
229	app-request	requested-profile	libreadline8t64	libreadline8t64	after-auzix-native-container
230	app-request	requested-profile	libreoffice	libreoffice	after-auzix-native-container
231	app-request	requested-profile	libreoffice-base	libreoffice-base	after-auzix-native-container
232	app-request	requested-profile	libreoffice-calc	libreoffice-calc	after-auzix-native-container
233	app-request	requested-profile	libreoffice-common	libreoffice-common	after-auzix-native-container
234	app-request	requested-profile	libreoffice-core	libreoffice-core	after-auzix-native-container
235	app-request	requested-profile	libreoffice-draw	libreoffice-draw	after-auzix-native-container
236	app-request	requested-profile	libreoffice-impress	libreoffice-impress	after-auzix-native-container
237	app-request	requested-profile	libreoffice-math	libreoffice-math	after-auzix-native-container
238	app-request	requested-profile	libreoffice-report-builder-bin	libreoffice-report-builder-bin	after-auzix-native-container
239	app-request	requested-profile	libreoffice-style-colibre	libreoffice-style-colibre	after-auzix-native-container
240	app-request	requested-profile	libreoffice-writer	libreoffice-writer	after-auzix-native-container
241	app-request	requested-profile	librevenge-0.0-0	librevenge-0.0-0	after-auzix-native-container
242	app-request	requested-profile	libseccomp2	libseccomp2	after-auzix-native-container
243	app-request	requested-profile	libselinux1	libselinux1	after-auzix-native-container
244	app-request	requested-profile	libsemanage2	libsemanage2	after-auzix-native-container
245	app-request	requested-profile	libsemanage-common	libsemanage-common	after-auzix-native-container
246	app-request	requested-profile	libsepol2	libsepol2	after-auzix-native-container
247	app-request	requested-profile	libslang2	libslang2	after-auzix-native-container
248	app-request	requested-profile	libsmartcols1	libsmartcols1	after-auzix-native-container
249	app-request	requested-profile	libsqlite3-0	libsqlite3-0	after-auzix-native-container
250	app-request	requested-profile	libss2	libss2	after-auzix-native-container
251	app-request	requested-profile	libssl3t64	libssl3t64	after-auzix-native-container
252	app-request	requested-profile	libstaroffice-0.0-0	libstaroffice-0.0-0	after-auzix-native-container
253	app-request	requested-profile	libstdc++6	libstdc++6	after-auzix-native-container
254	app-request	requested-profile	libsystemd0	libsystemd0	after-auzix-native-container
255	app-request	requested-profile	libsystemd-shared	libsystemd-shared	after-auzix-native-container
256	app-request	requested-profile	libtext-charwidth-perl	libtext-charwidth-perl	after-auzix-native-container
257	app-request	requested-profile	libtext-iconv-perl	libtext-iconv-perl	after-auzix-native-container
258	app-request	requested-profile	libtext-wrapi18n-perl	libtext-wrapi18n-perl	after-auzix-native-container
259	app-request	requested-profile	libtinfo6	libtinfo6	after-auzix-native-container
260	app-request	requested-profile	libtirpc3t64	libtirpc3t64	after-auzix-native-container
261	app-request	requested-profile	libtirpc-common	libtirpc-common	after-auzix-native-container
262	app-request	requested-profile	libudev1	libudev1	after-auzix-native-container
263	app-request	requested-profile	libunistring5	libunistring5	after-auzix-native-container
264	app-request	requested-profile	libuno-cppu3t64	libuno-cppu3t64	after-auzix-native-container
265	app-request	requested-profile	libuno-cppuhelpergcc3-3t64	libuno-cppuhelpergcc3-3t64	after-auzix-native-container
266	app-request	requested-profile	libuno-purpenvhelpergcc3-3t64	libuno-purpenvhelpergcc3-3t64	after-auzix-native-container
267	app-request	requested-profile	libuno-sal3t64	libuno-sal3t64	after-auzix-native-container
268	app-request	requested-profile	libuno-salhelpergcc3-3t64	libuno-salhelpergcc3-3t64	after-auzix-native-container
269	app-request	requested-profile	libunwind8	libunwind8	after-auzix-native-container
270	app-request	requested-profile	libuuid1	libuuid1	after-auzix-native-container
271	app-request	requested-profile	libwpd-0.10-10	libwpd-0.10-10	after-auzix-native-container
272	app-request	requested-profile	libwpg-0.3-3	libwpg-0.3-3	after-auzix-native-container
273	app-request	requested-profile	libwps-0.4-4	libwps-0.4-4	after-auzix-native-container
274	app-request	requested-profile	libxtables12	libxtables12	after-auzix-native-container
275	app-request	requested-profile	libxxhash0	libxxhash0	after-auzix-native-container
276	app-request	requested-profile	libzstd1	libzstd1	after-auzix-native-container
277	app-request	requested-profile	lightdm	lightdm	after-auzix-native-container
278	app-request	requested-profile	lightdm-gtk-greeter	lightdm-gtk-greeter	after-auzix-native-container
279	app-request	requested-profile	linux-image-amd64	linux-image-amd64	after-auzix-native-container
280	app-request	requested-profile	linux-sysctl-defaults	linux-sysctl-defaults	after-auzix-native-container
281	app-request	requested-profile	locales	locales	after-auzix-native-container
282	app-request	requested-profile	login	login	after-auzix-native-container
283	app-request	requested-profile	login.defs	login.defs	after-auzix-native-container
284	app-request	requested-profile	logrotate	logrotate	after-auzix-native-container
285	app-request	requested-profile	logsave	logsave	after-auzix-native-container
286	app-request	requested-profile	lsof	lsof	after-auzix-native-container
287	app-request	requested-profile	lvm2	lvm2	after-auzix-native-container
288	app-request	requested-profile	make	make	after-auzix-native-container
289	app-request	requested-profile	man-db	man-db	after-auzix-native-container
290	app-request	requested-profile	manpages	manpages	after-auzix-native-container
291	app-request	requested-profile	mate-control-center	mate-control-center	after-auzix-native-container
292	app-request	requested-profile	mate-desktop-environment-core	mate-desktop-environment-core	after-auzix-native-container
293	app-request	requested-profile	mate-terminal	mate-terminal	after-auzix-native-container
294	app-request	requested-profile	mawk	mawk	after-auzix-native-container
295	app-request	requested-profile	media-types	media-types	after-auzix-native-container
296	app-request	requested-profile	meson	meson	after-auzix-native-container
297	app-request	requested-profile	micro	micro	after-auzix-native-container
298	app-request	requested-profile	mount	mount	after-auzix-native-container
299	app-request	requested-profile	mpv	mpv	after-auzix-native-container
300	app-request	requested-profile	nano	nano	after-auzix-native-container
301	app-request	requested-profile	ncurses-base	ncurses-base	after-auzix-native-container
302	app-request	requested-profile	ncurses-bin	ncurses-bin	after-auzix-native-container
303	app-request	requested-profile	ncurses-term	ncurses-term	after-auzix-native-container
304	app-request	requested-profile	netbase	netbase	after-auzix-native-container
305	app-request	requested-profile	netcat-traditional	netcat-traditional	after-auzix-native-container
306	app-request	requested-profile	net-tools	net-tools	after-auzix-native-container
307	app-request	requested-profile	network-manager	network-manager	after-auzix-native-container
308	app-request	requested-profile	nfs-common	nfs-common	after-auzix-native-container
309	app-request	requested-profile	nftables	nftables	after-auzix-native-container
310	app-request	requested-profile	nginx	nginx	after-auzix-native-container
311	app-request	requested-profile	ninja-build	ninja-build	after-auzix-native-container
312	app-request	requested-profile	openssh-client	openssh-client	after-auzix-native-container
313	app-request	requested-profile	openssh-server	openssh-server	after-auzix-native-container
314	app-request	requested-profile	openssl-provider-legacy	openssl-provider-legacy	after-auzix-native-container
315	app-request	requested-profile	ostree	ostree	after-auzix-native-container
316	app-request	requested-profile	os-prober	os-prober	after-auzix-native-container
317	app-request	requested-profile	parted	parted	after-auzix-native-container
318	app-request	requested-profile	passwd	passwd	after-auzix-native-container
319	app-request	requested-profile	pavucontrol	pavucontrol	after-auzix-native-container
320	app-request	requested-profile	pciutils	pciutils	after-auzix-native-container
321	app-request	requested-profile	pcmanfm	pcmanfm	after-auzix-native-container
322	app-request	requested-profile	perl	perl	after-auzix-native-container
323	app-request	requested-profile	perl-base	perl-base	after-auzix-native-container
324	app-request	requested-profile	pipewire	pipewire	after-auzix-native-container
325	app-request	requested-profile	pkexec	pkexec	after-auzix-native-container
326	app-request	requested-profile	pkg-config	pkg-config	after-auzix-native-container
327	app-request	requested-profile	pluma	pluma	after-auzix-native-container
328	app-request	requested-profile	polkitd	polkitd	after-auzix-native-container
329	app-request	requested-profile	procps	procps	after-auzix-native-container
330	app-request	requested-profile	python3	python3	after-auzix-native-container
331	app-request	requested-profile	python3-pip	python3-pip	after-auzix-native-container
332	app-request	requested-profile	python3-uno	python3-uno	after-auzix-native-container
333	app-request	requested-profile	qemu-guest-agent	qemu-guest-agent	after-auzix-native-container
334	app-request	requested-profile	readline-common	readline-common	after-auzix-native-container
335	app-request	requested-profile	reportbug	reportbug	after-auzix-native-container
336	app-request	requested-profile	rfkill	rfkill	after-auzix-native-container
337	app-request	requested-profile	ripgrep	ripgrep	after-auzix-native-container
338	app-request	requested-profile	rsync	rsync	after-auzix-native-container
339	app-request	requested-profile	rustc	rustc	after-auzix-native-container
340	app-request	requested-profile	samba	samba	after-auzix-native-container
341	app-request	requested-profile	sed	sed	after-auzix-native-container
342	app-request	requested-profile	sensible-utils	sensible-utils	after-auzix-native-container
343	app-request	requested-profile	sqv	sqv	after-auzix-native-container
344	app-request	requested-profile	strace	strace	after-auzix-native-container
345	app-request	requested-profile	strawberry	strawberry	after-auzix-native-container
346	app-request	requested-profile	sudo	sudo	after-auzix-native-container
347	app-request	requested-profile	system-config-printer	system-config-printer	after-auzix-native-container
348	app-request	requested-profile	systemd	systemd	after-auzix-native-container
349	app-request	requested-profile	systemd-sysv	systemd-sysv	after-auzix-native-container
350	app-request	requested-profile	systemd-timesyncd	systemd-timesyncd	after-auzix-native-container
351	app-request	requested-profile	sysvinit-utils	sysvinit-utils	after-auzix-native-container
352	app-request	requested-profile	tar	tar	after-auzix-native-container
353	app-request	requested-profile	task-english	task-english	after-auzix-native-container
354	app-request	requested-profile	tasksel	tasksel	after-auzix-native-container
355	app-request	requested-profile	task-ssh-server	task-ssh-server	after-auzix-native-container
356	app-request	requested-profile	terminology	terminology	after-auzix-native-container
357	app-request	requested-profile	thunar	thunar	after-auzix-native-container
358	app-request	requested-profile	traceroute	traceroute	after-auzix-native-container
359	app-request	requested-profile	tzdata	tzdata	after-auzix-native-container
360	app-request	requested-profile	ucf	ucf	after-auzix-native-container
361	app-request	requested-profile	udev	udev	after-auzix-native-container
362	app-request	requested-profile	uno-libs-private	uno-libs-private	after-auzix-native-container
363	app-request	requested-profile	ure	ure	after-auzix-native-container
364	app-request	requested-profile	usbutils	usbutils	after-auzix-native-container
365	app-request	requested-profile	util-linux	util-linux	after-auzix-native-container
366	app-request	requested-profile	util-linux-extra	util-linux-extra	after-auzix-native-container
367	app-request	requested-profile	vim-common	vim-common	after-auzix-native-container
368	app-request	requested-profile	vim-gtk3	vim-gtk3	after-auzix-native-container
369	app-request	requested-profile	vim-tiny	vim-tiny	after-auzix-native-container
370	app-request	requested-profile	vlc	vlc	after-auzix-native-container
371	app-request	requested-profile	wamerican	wamerican	after-auzix-native-container
372	app-request	requested-profile	weechat	weechat	after-auzix-native-container
373	app-request	requested-profile	wget	wget	after-auzix-native-container
374	app-request	requested-profile	whiptail	whiptail	after-auzix-native-container
375	app-request	requested-profile	wireplumber	wireplumber	after-auzix-native-container
376	app-request	requested-profile	wpasupplicant	wpasupplicant	after-auzix-native-container
377	app-request	requested-profile	wtmpdb	wtmpdb	after-auzix-native-container
378	app-request	requested-profile	xfce4-terminal	xfce4-terminal	after-auzix-native-container
379	app-request	requested-profile	xfsprogs	xfsprogs	after-auzix-native-container
380	app-request	requested-profile	xdg-dbus-proxy	xdg-dbus-proxy	after-auzix-native-container
381	app-request	requested-profile	xinit	xinit	after-auzix-native-container
382	app-request	requested-profile	xorg	xorg	after-auzix-native-container
383	app-request	requested-profile	xz-utils	xz-utils	after-auzix-native-container
384	app-request	requested-profile	zathura	zathura	after-auzix-native-container
385	app-request	requested-profile	zathura-pdf-poppler	zathura-pdf-poppler	after-auzix-native-container
386	app-request	requested-profile	zlib1g	zlib1g	after-auzix-native-container
387	app-request	requested-profile	zstd	zstd	after-auzix-native-container
